Conteúdo,Título do vídeo,Horário de publicação do vídeo,Duração,Visualizações,Tempo de exibição (horas),Inscritos,Impressões,Taxa de cliques de impressões (%)
Total,,,,414376,43729.353,9221,4565205,3.05
Zo7Ll82R0oQ,Quero saber: O que fazer se um carrapato me picar?,"Jul 6, 2023",294,38340,1290.3148,184,596223,4.26
knCShFe6Zuk,Quero saber – O que é ser uma pessoa trans? E quais as origens da transfobia?,"Nov 27, 2023",205,29399,596.1669,84,21180,1.74
bqEYths04cE,Quero saber - Mas eu ainda estou no começo da minha carreira na Ciência! Já posso publicar um livro?,"Jan 8, 2024",330,9607,443.6866,1,3185,1.63
iDVONs9J_d8,"Qual(is) escola(s), para quem e para o quê? Reflexões sobre Educação brasileira em tempo de pandemia","Aug 25, 2021",5855,8687,184.7854,68,7865,2.35
u9nFodo3qZY,Conheça a UFSCar,"Jun 6, 2023",457,7289,312.0918,56,64362,6.16
I4mkjoOYLyw,"Aula Magna da UFSCar com o Ministro dos Direitos Humanos e da Cidadania, Silvio Almeida","Oct 6, 2023",6869,5529,1522.1451,219,40030,6.51
9-sN8ApQBiw,"Quero saber – Que calor! E, agora?","Dec 4, 2023",792,4892,101.0708,2,1786,1.18
gKEbTs1YkXo,Quero saber - O que faz um Gestor Ambiental?,"Feb 5, 2024",814,3986,279.7108,93,37983,4.74
0ulzS_Gxl2w,Mensagem da Reitoria sobre o atual cenário orçamentário para 2022,"Oct 6, 2022",337,3973,154.321,68,5739,3.19
sgZBAnJIM8U,"#6 - Conheça como funciona a Eletroterapia, recurso fisioterapêutico usado com finalidades variadas","Feb 15, 2022",1100,3917,286.6127,44,48315,4.24
i1478WCuC34,Presença indígena na UFSCar: 15 anos de história,"Nov 28, 2023",681,3760,107.0252,5,3538,4.69
_NlPx4wCTlE,Quero saber – De onde surge e como se perpetua o machismo?,"Oct 9, 2023",716,3721,57.7811,21,2620,1.53
dEOZASkW2og,2ª chamada SiSU - Entenda a lista e a movimentação das vagas!,"Mar 12, 2024",418,3636,108.6329,29,3521,6.19
fK4kA2cKv0U,Na Pauta #61,"Jun 14, 2022",3858,3463,96.8679,4,87353,3.76
i70zcWr5qRE,Ética na Pesquisa,"Feb 19, 2024",1052,3418,251.1557,44,12012,8.11
2E0iUL9ib9U,Como prevenir a violência nas escolas?,"Apr 19, 2023",7332,3386,621.0111,134,16813,5.22
BKFZTfijsdg,Quero saber - Alzheimer – Conhecimento contra o estigma,"Sep 18, 2023",730,3223,170.7122,4,2501,1.84
VtMm85FqnEg,ConsUni - Reunião Extraordinária,"Nov 19, 2021",13495,3203,1656.1627,48,19205,5.8
gQpO9oqq9AM,"Aula Magna ""Ciência, Sonho e Construção de Futuro""","Jun 2, 2022",4457,3041,887.2992,131,31707,5.4
7kboUIzK9RU,PIBID forma licenciandos para a docência em sala de aula,"Mar 9, 2023",408,2985,158.3932,29,24940,5.95
YLJ64eptYp8,Max e sua turma em: Descobrindo o Mar - Episódio 1 - O mar que a gente respira,"Oct 17, 2023",755,2761,123.2692,61,117833,0.85
9N2Ne39uG0c,Quero saber – O que é voyeurismo e o que isso tem a ver com reality shows?,"Jan 29, 2024",822,2553,32.2041,17,4456,1.44
H8irSMXRJDM,Quero saber - O que é voyeurismo?,"Jan 29, 2024",161,2524,51.4486,7,5022,4.6
Onoa3GtA5oA,"Aula Magna 2021: A importância da ciência para o futuro do Brasil, com Pedro Hallal","Aug 11, 2021",5420,2255,777.0553,117,31863,2.73
0vm-FfIpKTM,Quero saber - Livro didático em escola pública: presta ou não presta?,"Oct 2, 2023",1195,2151,154.3911,16,2474,2.47
5_3kThMoYDk,SiSU/2021 -Tirando Dúvidas,"Apr 7, 2021",5608,1905,411.0168,78,24828,5.17
3Rcl_u__Eko,Quero saber - O que faz um Gestor Ambiental?,"Feb 5, 2024",60,1771,18.7692,7,28780,3.51
tJPA30moCPI,Reitoria esclarece sobre revogação de lista,"Mar 5, 2024",1569,1734,196.2453,23,4664,4.44
ZahgtoITwaE,Retorno total das atividades presenciais na UFSCar,"Jun 1, 2022",328,1702,57.526,18,18607,6.16
W7FT3-rRn60,"Conexão Federal: Mulheres da família Prestes, com Anita Prestes","Nov 21, 2023",4064,1678,313.6571,32,21476,4.07
vGDSPf3SBS4,Primeiro Debate - Pesquisa eleitoral - Gestão 2025-2029,"Aug 26, 2024",6233,1628,400.3246,25,9365,6
3uC3ToMCToo,Mensagem da Reitora sobre o atual cenário financeiro da UFSCar,"Dec 8, 2022",579,1591,94.3746,21,5564,4.85
7i-XVDZDFh4,"Aula Magna:""Cartas à juventude universitária: como cuidar (e receber cuidado) da nossa saúde mental""","Oct 30, 2024",11246,1580,571.2814,30,23553,3.63
xDAwOPGW7wg,Reitora da UFSCar avalia anúncio referente ao Novo PAC e à implantação de novos campi no País,"Jun 11, 2024",878,1579,136.735,20,5606,2.25
RL0GOOTCFOY,"Vida Universitária: o dia a dia acadêmico (ProGrad, SEaD, SIBi, SRinter, EDUFSCar)","Aug 12, 2021",5405,1540,505.9622,61,12630,5.12
j4w3TEr21pM,Segundo Debate - Pesquisa Eleitoral - Gestão 2025-2029,"Aug 30, 2024",7590,1502,489.147,18,10501,4.5
zvrLA__yU1Y,Quero saber - Porque a gravidade do quadro de saúde de Fausto Silva levou o coração até ele?,"Sep 4, 2023",169,1480,22.9267,5,16910,4.23
V5RSgPyWhFY,"Conexão Federal: Futebóis, diversidade e inclusão, com Osmar Moreira de Souza Júnior","Dec 11, 2023",4032,1472,32.1012,12,1708,2.63
DHSaMk1mZek,"Ana Beatriz de Oliveira, Reitora da UFSCar, fala sobre os seis meses do lançamento do portal Alumni","Jan 24, 2024",261,1465,18.121,7,3863,1.89
8qyDVo88fSY,Anita no acervo de Prestes: histórias que viajam no tempo,"Oct 30, 2023",1116,1454,129.7717,26,8084,3.38
LpL8gmveXLs,Anita no acervo de Prestes: histórias que viajam no tempo,"Oct 30, 2023",60,1450,17.3795,9,26724,3
xByWGVPkRds,Mensagem da Reitoria sobre o cenário atual da pandemia,"Jan 14, 2022",710,1448,134.128,40,4640,3.66
wqst9LYubLw,Cerimônia de Posse: Nova Equipe de Gestão UFSCar,"Feb 5, 2021",8809,1439,570.4655,63,12965,4.03
Ru7Ns3s5Kdg,Cerimônia de entrega do título de Doutor Honoris Causa a Raduan Nassar,"Jul 2, 2021",6767,1410,409.8111,46,9378,5.26
yIiMqATqjJw,VOCÊ NA UFSCAR – COMO FAZER A MATRÍCULA?,"Apr 28, 2023",103,1329,21.4959,10,6698,13.97
Mu2Hm0t0VnE,Dia de valorização da universidade pública,"Aug 12, 2022",496,1293,89.8126,35,3460,2.57
3w8nV5m84tE,Trilhas da Inovação - Ep.1 - Primeiros passos para registrar uma patente,"Oct 11, 2023",349,1292,27.4575,8,2085,2.83
kTSXghwyCu4,UFSCar recebe novos estudantes,"May 23, 2023",207,1249,33.2968,6,12324,6
Q7r2Ze2IWX0,Quero saber - Livro didático em escola pública: presta ou não presta?,"Oct 2, 2023",60,1243,12.1369,12,32185,2.18
5BVG96f2NC0,Idiomas sem Fronteiras - Inglês,"Mar 29, 2023",246,1228,32.4281,8,3022,7.18
2hz7w29Cd_Q,5ª Reunião Extraordinária do Conselho de Gestão de Pessoas (CoGePe),"Jul 12, 2022",12729,1211,650.5332,22,13516,3.83
hWo5IGSqG-I,Trilhas da Inovação - Ep.6 – Desenho industrial,"Oct 11, 2023",370,1165,21.4121,11,2586,3.44
miW5wDLnfRg,Mensagem de final de ano e votos de Boas Festas da Reitoria da UFSCar,"Dec 17, 2021",461,1159,53.8605,20,2982,2.52
KrU91hkWF94,Dúvidas - Ingresso ao Programa de Assistência Estudantil,"Feb 2, 2022",6234,1140,208.7999,25,18741,1.88
zMJ2RhICeMM,"Quero saber – Bullying, e agora?","Oct 16, 2023",187,1127,15.5338,6,1566,0.89
t_6K66jlDM8,262ª Reunião Ordinária do Conselho Universitário (ConsUni),"Jul 1, 2022",9858,1100,424.8497,18,8461,7.15
MIXJLteZPdM,UFSCar 55 anos,"Mar 14, 2025",10613,1092,207.571,37,5449,7.76
i1BXm7QpwW4,Trilhas da Inovação - Ep.7 – Cultivar,"Oct 11, 2023",353,1061,15.5583,8,1692,3.66
W57kAEIVN1g,UFSCar Informa - Vencendo a Covid-19,"Feb 12, 2021",5243,1057,393.8862,27,3390,9.53
ida10vBiius,Quero saber - Gordofobia: é crime ou é bobagem?,"Oct 23, 2023",60,1050,9.8716,4,15094,2.62
Rb74k7HAOP4,Reunião Extraordinária do ConsUni,"Mar 18, 2022",10606,1035,500.2894,8,4349,9.47
Ze-23QvHNEo,UFSCar na Área,"Jan 23, 2024",1337,997,33.7405,9,3415,3.98
5i20G0vjVoo,Cuidados com a saúde e a vida universitária: um retorno seguro e saudável,"May 24, 2022",3664,990,146.9756,21,27302,1.99
eeo4bvr5I_4,Reunião Extraordinária do Conselho Universitário (ConsUni),"Jan 21, 2022",8135,976,423.237,19,4380,7.97
IW4UXNwGF2A,"Sentir ou não sentir...: sinal, sensor e significado em materiais e no corpo humano","Aug 9, 2021",5572,973,50.4811,11,5510,2.5
n6PtBXpwoE0,UFSCar inaugura complexo de laboratórios,"Sep 25, 2020",220,952,19.8185,9,7898,6.9
QhfV_P7smgo,Quero saber - Gordofobia: é crime ou é bobagem?,"Oct 23, 2023",810,946,33.0652,6,15344,1.92
h21bsHaw55U,Quero saber - O ecoturismo é um modo diferente de fazer turismo?,"Jan 16, 2024",189,945,6.249,4,1512,1.12
RNEx9mdzsrE,"Quero saber - De Dubai a Belém, via Azerbaijão: o que decidem as COPs?","Jan 22, 2024",43,940,5.814,2,3077,1.27
znKcGhN_5-Y,Quero saber - Quais são os desafios para a implementação segura das PICs no SUS?,"Nov 13, 2023",170,921,10.7886,3,3539,5.37
bu2o2f28jBk,Pronunciamento - Reitora Ana Beatriz de Oliveira - 26/3/2021,"Mar 26, 2021",664,902,64.4899,27,2431,1.97
72-DhfanWIQ,Reunião Extraordinária do Conselho Universitário (ConsUni),"Apr 18, 2022",11510,897,619.6057,8,5482,9.67
yJ3__PxOlK8,Programa de Assistência Estudantil da UFSCar: o processo de ingresso e as perspectivas futuras,"Mar 21, 2022",5411,885,226.0741,46,5723,5.22
bQ6SW5yZJb4,Venha estudar na UFSCar! Esta Universidade é para você!,"Aug 20, 2024",343,878,28.1978,8,10579,5.29
Ye0HIF2wMsM,Quero saber – Quais os tipos de assédio mais comuns?,"Oct 16, 2023",173,874,21.732,7,6819,5.19
OHeIbRMrvt4,Quero saber - O que garantir nas próximas COPs para que o clima não colapse definitivamente?,"Jan 22, 2024",323,873,7.037,6,3044,0.36
gvr9msco6Zs,Mensagem da Reitora sobre Plano de Retomada,,513,870,66.9705,29,14,7.14
PL1BscsVdfE,Quero saber – Assédio: quais as faces desse mal?,"Oct 16, 2023",746,863,14.7857,4,1232,1.87
xW0wcHuYq6g,255ª Reunião Ordinária do ConsUni,"Nov 26, 2021",12734,860,414.7879,7,5288,8.36
fkTG-v4RHu8,Na Pauta #22,"Jul 20, 2021",2819,857,178.9319,47,4923,7.82
ndQqDsMg0pw,Programa de Assistência Estudantil da UFSCar: o processo de ingresso e as perspectivas futuras,"Jun 8, 2022",3840,836,148.1212,26,3614,4.04
Ry8TP3ENC4A,Quero saber - Linguagem neutra é luta por direitos ou ataque à Língua Portuguesa?,"Dec 12, 2023",60,835,8.2769,1,10382,1.76
B0pEhUs7vEY,Boletim de Oportunidades - Oportunidades em Um Minuto #6,"Jan 28, 2025",102,829,5.6063,5,2286,1.57
wEvT2v0rVdw,Quero saber - Quem tem Doença Pulmonar Obstrutiva Crônica deve praticar atividades físicas?,"Nov 20, 2023",338,820,32.2028,12,8811,6.9
Zh5z3timryk,Biblioteca infantil na BCo UFSCar,"Jul 6, 2023",58,798,6.2272,4,12377,2.44
PiBXIIm9Eak,Retorno às atividades presenciais na UFSCar | Tiago Santi - Técnico Administrativo - Lagoa do Sino,"May 6, 2022",81,794,9.3993,0,2601,7.96
FT64eZbnXRU,Tutorial - Como participar do Guardiões da Saúde,"Oct 6, 2021",238,792,20.0444,3,5585,2.18
7AwzXdXlep4,"Quero saber – Afinal, o que é ecoturismo?","Jan 16, 2024",90,787,15.1503,8,5097,9.06
sid6B841ZaI,"Mensagem da Reitora, Ana Beatriz de Oliveira, de recepção aos calouros e calouras 2024","Mar 21, 2024",110,785,11.7854,3,4274,1.8
ZaEviiNcPW8,Reitora da UFSCar apresenta obras na Universidade incluídas no Novo PAC,"Jun 20, 2024",729,782,54.1486,5,4643,2.13
iL-xUmp9xGs,Cerimônia solene de posse da Gestão 2025-2029,"Jan 18, 2025",8151,780,157.3216,4,10499,3.43
DKCLod14dEw,Os estudantes da UFSCar precisam da sua ajuda!,"Jun 9, 2022",303,755,16.2806,5,3935,6.48
XXQL8WXhwCM,Tutorial: como solicitar o uso do nome social na UFSCar,"Aug 22, 2023",82,752,6.1866,1,1586,3.53
PDvF70g6kpo,ICC Entrevista - Vera Cêpeda sobre o Prêmio Nobel de Economia 2024,"Oct 21, 2024",1565,745,82.857,19,10320,4.23
hAIn8ICnXrs,Quero saber - Como é a trajetória do Brasil nos Jogos Paralímpicos?,"Sep 25, 2023",297,732,6.7462,6,1536,0.72
VdL57KzCyb8,Ética na Pesquisa,"Feb 19, 2024",57,720,13.0744,2,7173,1.51
ZmFEtVrdx34,Na Pauta Edição Especial,"Jun 27, 2022",3847,719,153.4386,14,9745,3.32
TbvRvlRnSY4,UFSCar recebe estudantes estrangeiros pelo GCUB-MOB,"Apr 4, 2023",249,715,24.0318,15,7703,6.41
D2PHt58ILxY,Quero saber – Ecoturismo é apenas o turismo na natureza?,"Jan 16, 2024",998,708,61.2271,10,5095,5.79
7a0S_Cy7G8Y,Quero saber – Idade é documento?,"Dec 18, 2023",60,707,5.0091,6,3004,0.93
ljGQUSeZwkM,NEEDS da UFSCar cria Programa de Computador para mapear APP,"Jul 12, 2023",364,695,24.1676,12,2106,1.99
Y6BlqkDhnmg,Reunião Extraordinária do Conselho Universitário (ConsUni),"Apr 25, 2022",9584,678,379.0045,2,4134,8.54
zEG1735N9jQ,Fazenda Produtiva - UFSCar Lagoa do Sino,"Aug 28, 2020",166,676,14.2626,4,5275,7.43
Jry-cMPAU6M,"As possibilidades de Ensino, Pesquisa e Extensão Universitária a partir das experiências estudantis","May 26, 2022",5222,663,96.4649,21,7375,3.35
4rl-xnQ0y4o,Transmissão ao vivo de Reitoria UFSCar,"Sep 23, 2020",2478,662,83.9959,12,2154,15.78
ECD9gGHDHas,Três anos do primeiro caso de Covid-19 no Brasil: como estão os profissionais da saúde?,"Feb 28, 2023",1627,656,33.6108,2,14868,0.79
zQJDQtUQQOk,Quero saber - Halloween ou Dia do Saci?,"Oct 30, 2023",60,647,6.0129,3,4990,1.56
BwlvxpfNUwU,Na Pauta #65,"Jul 19, 2022",5301,646,248.8212,10,5494,6.3
pZvUIK_RYvs,Sessão solene de outorga do título de Doutor Honoris Causa a Dermeval Saviani,"Dec 6, 2022",9120,643,168.6862,29,5892,4.7
PB9g2ClDFDY,Idiomas Sem Fronteiras oferece cursos online para comunidade da UFSCar,"Feb 13, 2023",354,620,22.8647,6,2442,3.69
SkUIZ7l78J4,"ICC Entrevista - André Moura, sobre o Prêmio Nobel de Química 2024","Oct 10, 2024",2128,620,78.9982,19,12295,2.45
mOZqIdvL3QA,Estudantes falam do papel da Iniciação Científica em sua formação,"Nov 6, 2024",354,619,8.1564,0,2658,1.17
kQ2xetczxZM,"Vida Universitária: diversidade e inclusão (ProACE, SAADE, CCI, DCE, ProEx, ProPq)","Aug 13, 2021",4942,617,185.3101,25,6733,3.61
emF51nWqASA,Reunião Extraordinária ConsUni,"Jul 16, 2021",12478,615,324.2767,12,4208,7.34
Zlx3Dy-_csE,VOCÊ NA UFSCAR – SAIBA COMO INGRESSAR NA UNIVERSIDADE,"Apr 28, 2023",55,612,5.6814,8,3587,9.26
JcFvj1RChuk,29º Congresso de Iniciação Científica e Tecnológica da UFSCar – CIC-CIDTI-CIC-EM/UFSCar,"Jun 1, 2023",8694,606,129.7431,15,4271,5.06
Eflw-ejOqRM,Hino Nacional Libras,"Jul 5, 2023",303,603,12.3045,7,3344,2.03
oO-MMrsFDoo,Hino Nacional,,301,598,19.0246,13,61,9.84
rEdzv-Vwtg8,"Quero saber - Acupuntura, fitoterápicos, aromaterapia: a que - e quem - servem as PICs no SUS?","Nov 13, 2023",1061,594,41.8245,16,6324,2.47
I1F2VWd7Y_U,Reunião Extraordinária do Conselho Universitário (ConsUni),"May 10, 2022",8647,556,331.739,4,5231,6.48
7y06N5CiHjI,Quero saber - Como o PNLD contribui para a qualidade do livro didático no Brasil?,"Oct 2, 2023",339,555,23.1815,9,7063,4.76
UmWpeTILy0Q,Quero saber - Linguagem neutra é luta por direitos ou ataque à Língua Portuguesa?,"Dec 12, 2023",1478,554,46.7842,9,2255,3.99
IgdvI-FQuHo,EdUFSCar No Ar #2,"Aug 18, 2021",3745,551,97.152,20,7112,2.38
 -Gg4H6SUgKs,UFSCar Informa - Secretário de Informática esclarece sobre queda na Internet,"Feb 3, 2021",1381,548,58.7456,27,1997,5.21
1JxJFGc6_pM,Mensagem Reitoria - Dia Internacional das Mulheres,"Mar 8, 2021",565,544,29.0377,16,2317,1.73
47a2E0TsZ_s,Feira do Livro EdUFSCar - Desbravando uma teoria incógnita: Debate sobre a educação soviética,"Oct 5, 2021",6726,542,151.6792,23,4306,5.16
2mblSCMWyOI,Fapesp e Fapergs selecionam propostas para financiamento de pesquisas colaborativas,"Mar 8, 2024",66,538,3.7782,0,2344,1.15
gKUx-8RwiHM,Quero saber - Quem decide qual paciente recebe um coração disponível para transplante?,"Sep 4, 2023",723,530,29.5059,1,7717,3.46
Y5wbWGdKJok,Ciência UFSCar: Mudanças climáticas - impactos em águas e pastos,"Mar 25, 2021",5477,528,123.9352,33,9828,1.77
R19T7UN4JkE,2ª sessão da 255ª Reunião Ordinária do ConsUni,"Nov 29, 2021",12838,527,150.6611,5,11766,2.92
T7tC4_r9i_4,Max e sua turma em: Descobrindo o Mar - Episódio 2 – O plástico a caminho do mar,"May 8, 2024",906,525,37.4343,5,4334,5.26
0CuIK9feeq4,Sessão Pública de Apuração,"Sep 5, 2024",1380,520,41.4937,10,4138,4.59
WGBw5M8QAQg,55 anos de UFSCar pelo mundo,"Mar 25, 2025",373,518,10.1303,2,2569,2.22
KgG3UJO4tg4,Quero saber - Esportes Paralímpicos,"Sep 25, 2023",880,516,24.1594,1,4009,2.52
8_P62Nlx0x0,I Encontro Fonaprace Sudeste 2022 - Manhã,"Apr 8, 2022",16638,514,262.9412,14,4165,3.77
Ajo1q1R25Qw,Na Pauta #84,"Dec 6, 2022",7158,511,90.2951,11,2652,6.67
cgqyU1BDMoc,I Encontro de pesquisas em terapia ocupacional  PPGTO - UFSCar (1º dia),"Jun 13, 2024",30286,511,163.1524,43,6927,2.79
Ptr-O8nJZLk,6ª Reunião Ordinária do Conselho de Gestão de Pessoas (CoGePe),"May 10, 2022",11921,507,204.2654,0,5180,5.81
m8niCj1ekOs,Projeto no Colégio de Aplicação da UFSCar envolve crianças na prática de compostagem,"Dec 17, 2024",327,506,16.0337,3,7661,0.82
OrPBOgcBhIY,O papel das universidades na construção da saúde mental universitária e no fortalecimento da RAPS,"May 18, 2023",8168,501,106.3721,5,14893,1.25
dG36nTMb__w,"XII SEGRad - Abertura: Extensão Universitária na Graduação: história, diretrizes e experiências","Apr 25, 2022",10116,501,235.5931,28,3918,3.55
FsV3smNUET8,Quero saber - Estou sendo gordofóbico?,"Oct 23, 2023",402,495,13.5488,0,3514,0.91
HLsl1YRrSRI,Quero saber - O que é Linguagem Simples?,"Dec 12, 2023",546,494,25.4531,10,4940,6.13
ZHaf-Fq4M3Y,"Max e sua turma em: Descobrindo o Mar - Episódio 3 – Vento quente, chuva fria","May 8, 2024",750,490,29.414,3,7712,3.35
Bcz6V9yaCow,Trilhas da Inovação - Ep.2 - Escala TRL - Grau de maturidade tecnológica,"Oct 11, 2023",258,488,12.8584,7,2912,8.1
GyggyD7TgN0,Idiomas sem Fronteiras - Espanhol,"Apr 5, 2023",164,487,10.7293,5,1876,4.64
LiEyCIy62x4,XII SEGRad - Curricularização da Extensão: experiências institucionais,"Apr 26, 2022",11270,487,260.4744,6,16530,1.19
eML-brhhguc,Quero saber – Quais as origens do machismo?,"Oct 9, 2023",232,485,15.0695,3,1783,2.19
1-XAg_9glU8,Reunião Extraordinária do CoG,"Nov 18, 2021",10750,479,133.3751,5,4050,6.35
KehacQTw1ss,Quero saber - Por que e como publicar um livro científico por uma editora internacional?,"Jan 8, 2024",817,472,25.169,5,2207,2.49
gTEqenrvnTo,ICC Entrevista - Prêmio Nobel de Literatura 2024,"Oct 10, 2024",482,472,21.3386,7,6976,1.63
ux17DJ8jcpk,Quero saber - E os direitos das pessoas trans no Brasil?,"Nov 27, 2023",208,471,11.2534,6,4407,4.7
yN3athOdtho,Quero saber – Qual o caminho da felicidade?,"Feb 12, 2024",703,466,16.2298,2,3876,1.39
Dj6Q4f5INZs,Segunda sessão da Reunião Extraordinária do CoG,"Jun 2, 2021",13311,457,234.4892,13,2975,5.68
NRE3C8Ev1PM,"Marcus Vinicius Batista Nascimento, novo secretário da SAADE fala sobre  antirracismo da UFSCar","Jul 4, 2023",170,452,10.2476,8,2524,1.7
sibO6L58pVI,"Quero saber - E, como cuidar da nossa saúde?","Dec 4, 2023",185,451,6.3274,2,1167,0.43
WifvYKgsyZE,"Ana Beatriz de Oliveira, Reitora da UFSCar, fala sobre encontro com o Papa Francisco","Sep 22, 2023",60,450,3.8775,2,7419,2.7
7Fi_QkcW2c8,UFSCar retoma realização presencial da colação de grau,"Feb 9, 2023",216,447,10.2652,3,2845,3.8
MUehaAl86-U,Max and his friends - Discovering the sea: Episode 1 - The sea we breathe,"Oct 24, 2023",755,447,27.2507,2,3808,2.7
4F2mnnVPEz0,"Abertura e Mesa: Ensino, Extensão e Pesquisa na UFSCar: um olhar para o futuro da indissociabilidade","Nov 12, 2024",9662,444,114.5981,7,7802,1.54
PlKu1JPMcJ0,SEGrad: Mesa Redonda: A Utilização da Inteligência Artificial no Ensino de Graduação,"Nov 13, 2024",8508,441,122.2997,20,11441,1.49
fd1yEg47ovE,"Ciência UFSCar - Crise hídrica e matriz energética: Brasil em 2001, 2014, 2021, 2022...","Jul 5, 2021",5797,441,106.6234,17,8706,1.57
pm0rWL6FRg4,Quero saber - Halloween ou Dia do Saci?,"Oct 30, 2023",962,441,28.2095,10,3403,2.88
so41l6PPuLk,Reunião Extraordinária do Conselho de Gestão de Pessoas (CoGePe),"Mar 22, 2022",13590,438,180.358,2,4302,4.74
QXK86zlpw-I,Edital ProGrad Nº 20 de 8 de janeiro de 2024 traduzido em Língua Brasileira de Sinais,"Jan 31, 2024",11873,435,14.1582,3,2289,1.97
fOiy2EQz_d8,Reitora da UFSCar fala sobre reunião com o Presidente Lula e ministros,"Jan 20, 2023",249,435,14.8425,1,4317,5.37
vhIsr1PG4rg,Egressos e egressas - Vídeo 2,"Jul 26, 2024",336,431,10.1469,1,6566,1.42
o5qLTL246gk,27 anos da Biblioteca Comunitária da UFSCar,"Aug 16, 2022",367,427,14.0041,8,2544,6.6
DbhoYVb8JkA,Você sabia que pode usar a sua nota do Enem para cursar uma universidade federal?,"Nov 4, 2024",60,426,3.6047,9,7213,3.94
NZg4GUL-sHc,Na Pauta #37,"Nov 23, 2021",4445,426,81.9205,9,4238,4.88
DirIDYwrX34,Quero saber – Como combater o machismo?,"Oct 9, 2023",74,424,3.1187,2,1611,4.41
qdLWu7H3EFY,Quero saber - Genética da Conservação: o que é e para que serve?,"Nov 6, 2023",1171,424,35.5769,8,6364,2.42
uCFxkH99no8,"Teaser Formaturas São Carlos 2024 - 27, 28 e 29/05/2024",,85,424,6.2869,4,14,7.14
fJxZKTOu1-M,Quero saber - Como e por que a transfobia mata?,"Nov 28, 2023",843,419,21.4425,6,9278,1.89
UK48UEZRWzw,VOCÊ NA UFSCAR – CONHEÇA OS CURSOS DA FEDERAL,"Apr 28, 2023",80,418,5.2622,5,4813,5.26
SFd1gjgNI_4,UFSCar inicia processo de renaturalização na região da transfederônica,"Mar 12, 2024",59,415,2.9804,1,10961,1.86
Y2TgfE9Z4lw,UFSCar pela defesa da democracia,"Aug 11, 2022",365,411,10.7914,4,1777,4.84
wtgVKj5K17E,257ª Reunião Ordinária do ConsUni,"Jan 28, 2022",9969,409,164.9656,2,3876,6.73
1vtg3NtBfgA,Conferência IEAE - Universidade para o futuro,"Sep 24, 2024",11876,408,141.8287,16,9523,1.81
nY9yx_ipDE0,Na Pauta #11,"May 4, 2021",9051,408,205.1215,13,3638,4.15
d3EgsjUl-Ls,Depoimento Ângela Lopes - Transformação,"Jan 20, 2023",407,407,12.8296,9,2410,2.86
l_6jaEKmeBI,Reunião Extraordinária do Conselho Universitário (ConsUni),"Sep 2, 2022",11655,407,171.6332,3,5813,4.3
8xM0Cmu-OHk,Restaurante Universitário do Campus São Carlos está com novo visual,"Apr 5, 2024",158,405,7.3188,4,4299,3.28
vBhgjZd4-cM,UFSCar adota CadÚnico para comprovação de renda para o SiSU,"Sep 26, 2024",90,405,5.7448,1,2527,6.45
nNcbKlisYoY,NA PAUTA ENTREVISTA - PESQUISAS E CAPACITAÇÃO EM MUSCULAÇÃO,"Feb 14, 2023",1808,401,44.7085,15,3397,2.83
_CJXT6aLi80,Sob o nascer do Sol - Vídeo 1,"Jul 26, 2024",453,399,14.1751,2,9561,1.49
PmNosIFNE40,VOCÊ NA UFSCAR – QUAIS SÃO AS NOTAS DE CORTE?,"Apr 28, 2023",67,394,4.2073,3,3658,7.57
54bbAt4uWlw,UFSCar sedia novo INCT em Biodiversidade e Uso Sustentável de Peixes Neotropicais,"May 9, 2023",375,393,13.0885,3,2910,1.1
I7OFUJ9ESBk,O Machismo não cabe na UFSCar!,"Oct 25, 2023",128,390,8.6563,1,2092,3.49
mV_FOXOTpWM,Trilhas da Inovação - Ep.8 – Programa de Computador,"Oct 11, 2023",384,389,6.9448,3,2439,4.35
9CMY_eRy7xY,Quero saber -  Como a doença afeta o cérebro?,"Sep 18, 2023",269,387,14.4616,2,2980,1.88
AETQjAgzsAM,Reitora da UFSCar e Diretora do CECH falam sobre audiência no Gabinete do Presidente da República,"Jan 25, 2023",238,387,6.2499,0,6815,4.67
WG5sLwrrRJE,IV SIMPOSIO DE PESQUISA EM JUVENTUDE NO BRASIL - Abertura,"Apr 10, 2024",7019,383,102.5215,26,2558,6.25
qoJlRObrl74,Reunião Extraordinária do ConsUni,"Dec 13, 2024",16021,379,211.7405,7,2362,8.72
xo2LyPTNQBs,2ª Sessão da Reunião Extraordinária do Conselho Universitário (ConsUni),"May 13, 2022",5028,379,159.6137,5,5187,4.76
88KbcatOeHc,Quero saber – Como Surgiram os Jogos Paralímpicos?,"Sep 25, 2023",363,378,13.1172,3,7497,0.87
PgsXhbdnnC8,Anita Prestes visita a UFSCar e inaugura mostra sobre Olga e Luís Carlos Prestes,"Aug 29, 2023",59,378,2.088,1,12743,1.29
q0st5O7TgVM,246ª Reunião Ordinária do Conselho Universitário - ConsUni,"Feb 26, 2021",14371,377,116.28,6,5765,3.14
ji_jNg-R8tI,Reunião Extraordinária do Conselho de Graduação,"May 28, 2021",15458,376,139.1007,4,2909,5.19
we0eImeR34E,Transmissão ao vivo de Reitoria UFSCar,"Sep 23, 2020",3038,373,84.4387,12,1457,14.41
G4HlmLCNC_4,260ª Reunião Ordinária do Conselho Universitário (ConsUni),"Apr 29, 2022",11104,369,192.6668,-1,4367,5.72
PbtwMw5ItKc,Conexão Federal - Dor Crônica: Mariana Avila,"Sep 25, 2023",3839,369,21.8741,3,5209,1.38
NS8y_yGVGxg,Feira do Livro EdUFSCar - Bate-papo com Gabriel Feltran,"Oct 7, 2021",3721,364,67.6025,11,4328,4.11
x5pi6kB8yZw,Reunião Extraordinária CoG,"Dec 3, 2021",12055,364,134.9265,3,2871,6.86
rfG3Jv8w_Ho,UFSCar promove 1ª Feira da Visibilidade Trans e Travesti,"Feb 16, 2023",266,363,7.8066,2,5790,1.68
WGdtD4_wAFM,Dia Internacional das Mulheres e Meninas na Ciência com a cientista Sonia Guimarães,"Feb 11, 2025",359,361,9.5161,2,2821,2.3
YIXx2hIb__k,Conheça o UFSCar+Escola,"Oct 11, 2024",416,359,10.7352,5,1692,3.37
zzY-AqfUUTY,Ciência UFSCar - Satélites brasileiros: de CubeSats ao Amazônia-1,"May 20, 2021",5692,359,87.3507,13,8743,1.36
J_pTvheBg2s,Constituição da cédula de votação e lista de votantes,"Sep 3, 2024",1214,358,15.7187,1,3967,2.07
pHoKByFDudw,Quero saber - O que é e como prevenir a Doença Pulmonar Obstrutiva Crônica?,"Nov 20, 2023",60,355,3.6626,2,7191,1.03
qGOTjAo3yt0,Na Pauta #38,"Nov 30, 2021",5033,352,77.9638,4,3964,5.32
-7LoFkgVpcE,Na Pauta #55,"May 3, 2022",3262,351,25.817,1,2833,2.72
BmlNFL9kzzI,VOCÊ NA UFSCAR –  CONHEÇA O SiSU,"Apr 28, 2023",93,350,5.2819,1,2747,4.73
R3NszrMKCeo,"Inscrições abertas: Programa Doutorado Sanduíche no Exterior (PDSE), da Capes","Dec 6, 2024",90,350,5.9414,10,2078,2.17
vJ8G33xCpuk,EdUFSCar No Ar #9,"May 25, 2022",4613,350,26.1164,5,9797,2.86
1kDhHHmGku4,1º Encontro Sobre Livros de Acesso Aberto - Conferência de Abertura,"Nov 10, 2021",5834,349,111.8916,24,3425,4.32
QSa7z6wxAVs,Alumni UFSCar! Já entrou nessa? #shorts,"Jul 26, 2023",59,349,6.8775,17,3371,1.48
t_zAtGjTNew,271ª Reunião Ordinária do ConsUni | UFSCar,"Jun 30, 2023",11785,349,80.4717,2,2445,6.83
B-gBbkM58mM,Na Pauta #25,"Aug 10, 2021",4867,348,61.2966,5,3899,4.44
FgAJ-pQfmes,Na Pauta #47,"Mar 8, 2022",6869,348,121.0519,7,3136,5.39
AXYIOZJd0zY,Quero saber: Existe vacina contra a febre maculosa?,"Jul 6, 2023",189,344,7.1301,1,6251,3.17
hXcYyprPfe0,Retorno às atividades presenciais na UFSCar | Neusa de Fatima Mariano - Geografia - Sorocaba,"May 2, 2022",78,344,4.2543,4,2136,5.71
8kdAPpZkiOQ,Quero saber - Como e por que a transfobia mata?,"Nov 27, 2023",60,342,3.497,1,6011,1.63
M2yCXvijioE,"UFSCar recebe presidente da Finep, importante parceria no desenvolvimento científico e tecnológico.","Aug 29, 2023",39,342,1.1617,1,4360,1.12
deO3vqC1FtU,Como Atualizar seus dados de Vacinação no App Guardiões da Saúde,"Oct 6, 2021",122,342,4.6691,0,5287,0.93
PT8fZ3bOf_Y,12ª Reunião Ordinária do Conselho de Gestão de Pessoas (CoGePe),"Apr 4, 2023",11498,341,155.0265,1,3463,4.68
vI9uvV8_Xa0,254ª Reunião ordinária  do ConsUni,"Oct 29, 2021",13642,341,112.1258,2,4351,4.76
D95m83AdFoc,99ª Reunião Ordinária do Conselho de Graduação (CoG),"Apr 19, 2022",12994,336,150.3379,0,3309,7.01
aFiTEYgNnXg,Na Pauta #49,"Mar 22, 2022",6354,333,44.0136,2,2821,3.08
79bseeYHtIk,Conheça a FAI UFSCar!,"Feb 19, 2025",389,332,13.5667,0,2177,4.64
_G-bzv6vny0,"Trilhas da Inovação - Ep.3 – Relatório, COEPI e INPI","Oct 11, 2023",344,332,7.2044,3,1808,5.03
JskKkJulL3k,Reunião Extraordinária CoG,,13492,330,117.5271,7,1,0
VPgD-pFITxA,Estudantes da UFSCar destacam a importância da iniciação científica,"Jan 9, 2025",499,330,6.0093,2,5038,0.91
0njXjXCnZkc,Trilhas da Inovação - Ep.9 – A Agência de Inovação da UFSCar,"Oct 11, 2023",257,328,5.6068,5,1222,5.65
rYOghoef0J0,EMBRAPII E INOVAÇÃO NA UFSCar: O que é? Como fazer?,"Sep 18, 2023",388,323,11.2225,5,2942,2.35
zoSAma8Pk2A,Como enviar sua sugestão de pauta para os produtos de comunicação da UFSCar?,"Jan 24, 2025",205,323,4.9663,3,3667,1.42
rRqezJycAck,Reunião Extraordinária do Conselho Universitário (ConsUni),"Nov 8, 2022",1602,322,37.0632,1,2754,8.35
lZDdh10jkOQ,"Na Pauta Entrevista Ana Caroline Marques, médica egressa da UFSCar, sobre assistência aos Yanomami","Jan 26, 2023",1885,321,32.0282,1,3694,1.84
JDXTuH4bmYc,Retorno às atividades presenciais na UFSCar | Marie Emília - Ciências Biológicas - Lagoa do Sino,"Apr 27, 2022",78,320,3.6373,0,2809,7.33
b7MY2ibHIIk,Transfobia não cabe na UFSCar,"Nov 29, 2023",131,318,6.338,4,2400,2.67
nPsvj-aIvjQ,Laboratório da UFSCar desenvolve pesquisas sobre osteoartrite de joelho,"Feb 2, 2023",452,315,12.9338,3,3088,2.2
raHEwzFaNoY,Quero saber - Que prejuízos causa a não regulamentação da profissão de Gestor ou Gestora Ambiental?,"Feb 5, 2024",217,314,9.7917,5,4241,2.71
3kdtCubg-OI,"Reitora, Ana Beatriz de Oliveira, participa de evento na Câmara Municipal de Sorocaba","Apr 27, 2023",33,311,1.3645,3,7058,1.45
Pk96GtBDpO8,Laboratório de Talentos inspira meninas para trilharem seus caminhos profissionais,"Jun 6, 2024",324,311,7.4366,2,2890,1.76
Sfsu9_Cpz2E,Reunião Extraordinária do Conselho Universitário - 27/01/2021,"Jan 27, 2021",9821,311,146.8892,17,4125,1.24
T8Sp1ed5GJc,Físico brasileiro comenta Nobel para a Mecânica Quântica,"Oct 5, 2022",1295,311,21.1333,10,3384,2.98
mvPnce2mQy0,Homenagem da Reitoria aos servidores e às servidoras públicas,"Oct 28, 2023",96,311,4.2321,3,1946,0.62
Gt5Dqaqe4QA,#16 – Estudos apontam os benefícios de sensores e biossensores eletroquímicos para detecção de doenç,"Feb 15, 2022",1132,309,15.5447,2,3181,3.8
TV3dAui2meA,VT OBRAS HU,"Dec 13, 2022",340,309,15.1205,1,2242,2.59
BWuHJW7cdlw,Palestra Bolsas de Estudos no Japão - MEXT 2026,"Apr 10, 2025",4519,308,53.062,20,6043,1.41
QT0tOegsrQw,Sessão de apuração das urnas do processo de consulta eleitoral dos conselhos superiores da UFSCar,"Nov 22, 2022",1662,307,11.9466,5,3360,6.19
9xOFk9ZwE6o,Por que e como publicar um livro científico por uma editora internacional?,"Jan 8, 2024",60,306,2.5759,2,4713,1.38
ASskJxdDc1M,UFSCar conta Sua História - Luiz Antônio Tonin,"Mar 13, 2025",2354,305,20.7934,0,2541,1.61
nYgxAbdnZsc,Pesquisas e projetos da UFSCar focam em bem-estar de pessoas idosas e envelhecimento saudável,"Mar 28, 2023",1793,301,22.3551,6,4351,1.61
RQyXssA60uM,"Comunicação Social na UFSCar: diretrizes, processos e produtos | Na Pauta","Feb 23, 2021",3253,300,25.9017,6,7682,2.32
kllqk6vKjBE,I Encontro de pesquisas em terapia ocupacional PPGTO - UFSCar (2º dia),"Jun 14, 2024",13216,299,106.0803,10,4786,2.7
lFHfENPvuS0,Quero saber - Quais são os sintomas e as formas de diagnóstico e de recuperação?,"Mar 4, 2024",198,299,3.3181,0,3347,1.73
pb70sdc5x6o,Entrevista com a Reitora sobre as expectativas para 2023,"Feb 7, 2023",535,299,15.215,2,3116,2.7
_Ge2oEw_kv0,Parcerias entre Universidade e Empresas resultam em Inovações para a sociedade,"May 16, 2023",385,298,10.7655,6,2319,1.77
fG-K1TtnVtM,Reunião Extraordinária do ConsUni,"Dec 6, 2021",9823,297,80.5519,3,3423,5.43
hWjB2hc0SDA,Idiomas sem Fronteiras - Português para Estrangeiros,"Apr 11, 2023",195,295,6.2283,5,2298,2.22
z89xJ9Zf10U,A homofobia não cabe na UFSCar,"Feb 28, 2024",106,294,4.1886,0,3885,1.9
62CNQauYdz8,Reitoria lança projeto UFSCar + 5 para elaboração do novo PDI,"Nov 16, 2023",131,293,5.5284,4,1470,2.65
V5aEzCQRhrs,Comemoração dos 50 anos do CCBS da UFSCar,"Mar 2, 2023",7371,291,34.1713,7,2485,3.46
e3n_mf5bY5s,Quero saber – Idade é documento?,"Dec 18, 2023",909,291,8.529,4,1992,1.56
nAB93TLk55M,Trilhas da Inovação - Ep.4 – Licenciamento de tecnologias,"Oct 11, 2023",398,289,11.5125,2,1711,5.14
iYaWPwXuHYk,"Discriminação não cabe na UFSCar! Aprenda, ensine: violência é crime!","Oct 9, 2023",88,288,3.2493,1,1263,4.67
Ztrwq5x3PKI,Política de Saúde Mental na UFSCar,"May 23, 2024",694,286,15.9396,2,3449,2.17
W1__9YBMAYc,Roda de conversa –  Ciência e Humano,"Sep 20, 2024",8393,281,91.3028,0,16086,0.65
vwnTUBpQ_lg,263ª Reunião Ordinária do Conselho Universitário (ConsUni),"Jul 29, 2022",12351,279,97.5121,2,2969,5.83
agB_oe3aHCA,2ª Reunião Ordinária CoGePe,"Dec 7, 2021",12051,278,67.8272,1,3564,3.79
D2r_9VrRXB0,Reunião Extraordinária do Conselho de Graduação (CoG),"May 2, 2022",13414,277,98.2671,1,3743,5.26
ZxDLhedi9CE,Na Pauta #54,"Apr 26, 2022",4396,277,48.0997,6,3836,3.08
ROxYgg3Nghc,Inclusão de colaboradores com deficiência nos Restaurantes Universitários da UFSCar,"Aug 25, 2022",264,275,6.9622,3,2828,4.88
d0KyJXE02NI,Boletim de Oportunidades - Oportunidades em Um Minuto #4,"Nov 27, 2024",120,273,3.1274,2,1319,1.44
pLujxr3BauY,Redução de danos e combate às violências nas festas universitárias,"May 25, 2022",4075,273,58.7633,5,3194,5.04
BRIlVLSoV_E,Quero saber – O que é a Síndrome de Burnout?,"Mar 4, 2024",60,272,2.1257,1,6031,0.76
UlRnIsE80MA,Conservação e uso sustentável da água,"Feb 7, 2022",5544,270,43.3879,4,3480,2.47
5nIlFLLkYGA,"Nota da Reitoria: Corte do Governo Federal faz UFSCar perder mais R$ 2,3 milhões do orçamento","Jun 24, 2022",203,269,6.0047,8,2613,5.78
0Vgftt0QB7Q,Quero saber - Quem decide qual paciente recebe um coração disponível para transplante?,"Sep 4, 2023",60,268,2.094,1,2609,1.3
SkuGh0mCawI,Live: Trabalho Remoto no Contexto da Pandemia de COVID-19,"May 24, 2020",6913,268,47.5372,9,2649,2.42
fj3a6bBN0-s,Reunião Extraordinária do CoG,"Jun 7, 2021",15977,268,114.9423,3,2039,5.64
_SX7P9hdd5A,"Conexão Federal: Mulheres da família Prestes, com Anita Prestes","Nov 21, 2023",60,267,3.4966,0,5754,1.98
iVH4H3v13nw,"Políticas para promoção, prevenção e cuidados em saúde mental: a Universidade e a Sociedade que...","Nov 17, 2022",17044,267,61.632,5,6766,1.91
C7fog4ckgq4,Trânsito Livre UFSCar - Avance nessa direção!,"Apr 23, 2024",132,266,5.1699,1,3719,1.56
QnbZuD2gjK8,Quero Saber- Dia de Finados e Dia de los Muertos: o que colonizadores e a Igreja Católica tem a ver?,"Oct 30, 2023",265,266,5.733,0,1479,1.56
kXMSkR8t-K8,Calourada 2023,"May 8, 2023",198,266,3.9863,1,2160,8.43
u9H8o2l2Dx4,Conheça o Núcleo de Pesquisa e Desenvolvimento em Tecnologia Assistiva do Campus Sorocaba da UFSCar,"Aug 2, 2022",309,266,6.458,5,1944,2.67
9YF1JtT6VEw,Universidades e Políticas Públicas - Conversa com cientistas da Equipe de Transição,"Dec 14, 2022",12101,264,73.1333,9,4431,3.18
H8pjqgVoB8Y,Retorno às atividades presenciais na UFSCar | Caroline Biazoli - Metodologia de Ensino - São Carlos,"May 26, 2022",116,263,3.7779,3,1630,3.44
odQaiBt7hWA,"Mensagem de boas-vindas da Reitora, Ana Beatriz de Oliveira, para a comunidade universitária","May 30, 2022",277,261,9.639,7,1785,3.47
SUphKgh-5L8,Na Pauta #68,"Aug 9, 2022",6156,259,44.731,8,2519,4.09
r-fzo7iqo0Y,Pró-Reitoria de Extensão está com quatro editais abertos,"Dec 12, 2024",357,259,7.3061,1,3541,0.93
1NlTqQf_BjQ,Quero saber – O que é voyeurismo e o que isso tem a ver com reality shows?,"Jan 29, 2024",59,257,2.3431,1,2241,1.2
JAdMhTe9ZMc,I Encontro Fonaprace Sudeste 2022 - Tarde,"Apr 8, 2022",10535,257,120.2924,4,3190,3.39
1Gmt_-bG73k,Quero saber - Por que é relevante conhecermos e celebrar o Dia do Saci?,"Oct 30, 2023",276,256,2.1057,0,3438,1.8
4q2sZuZB0L0,EdUFSCar no Ar #5,"Oct 15, 2021",4150,254,42.2453,9,2985,3.58
9-4B9cwBgLU,Quero saber - Esportes Paralímpicos,"Sep 25, 2023",60,253,1.7944,1,9440,1
_CQK_uAA9-I,258ª Reunião Ordinária do Conselho Universitário (ConsUni),"Feb 25, 2022",12996,251,123.6082,0,2907,6.3
xb88ean3-H8,247ª Reunião ordinária do ConsUni,"Mar 26, 2021",14153,250,151.9375,4,2447,5.23
4oQNjfdUuPs,Reajuste de Bolsas,"May 4, 2023",50,249,2.5472,5,1383,6.8
Uz_FgsWEtlA,"UFSCar cria variedades de alimentos e plantas, no campus Araras","Jun 6, 2023",387,248,9.4403,4,3247,1.45
Ngfon8881ck,Práticas inovadoras no ensino de ciências e divulgação científica junto ao público infanto-juvenil,"Oct 11, 2022",295,247,7.6044,3,2176,2.53
vAPbQYgmDmg,Reitora da UFSCar fala de investimentos na consolidação dos 4 campi da UFSCar,"Jul 30, 2024",851,247,19.9175,2,2832,1.73
YJtnomljgZo,5ª Reunião Ordinária do Conselho de Gestão de Pessoas (CoGePe),"Apr 5, 2022",9538,246,131.6219,1,3224,3.6
GUkVch71ko0,Capacitismo não cabe na UFSCar,"Dec 20, 2023",128,244,4.3402,1,2992,2.37
nIqvVBWcBbU,267ª Reunião Ordinária do Conselho Universitário (ConsUni),"Jan 20, 2023",5303,244,46.9644,0,2582,5.34
O5rFpvuvnq4,UFSCar participa da Operação São Paulo Sem Fogo,"May 7, 2024",142,243,2.7233,2,3024,1.36
8gc3eg2I7VE,Retorno às atividades presenciais na UFSCar | Decio Bueno Neto - Fisioterapia - São Carlos,"Apr 29, 2022",84,242,3.2197,2,2323,4.74
Cvj8luN3ci0,10 anos do Campus Lagoa do Sino,,192,242,7.0712,5,42,47.62
9UBaw8W17xM,248ª Reunião Ordinária do Conselho Universitário da UFSCar,"Apr 30, 2021",14967,241,121.315,10,3525,3.74
FPSGyZiVLgM,Na Pauta #50,"Mar 29, 2022",3610,240,15.9096,3,2985,2.55
uRQ1t0VXc00,Reunião Extraordinária do CoG,"Mar 15, 2022",8433,240,70.4878,0,1936,7.02
Q-oTFZsADaU,Configurações contemporâneas do trabalho,"Apr 6, 2022",6193,239,61.2462,3,3045,3.38
j_uFD6hAVAU,"Antes de sua estreia, Max Plâncton faz homenagem a seu padrinho Max Planck, pai da Física Quântica","Oct 4, 2023",39,239,1.2141,1,2790,2.01
90N4hcoE_ZQ,Quero saber – O que é a Síndrome de Burnout?,"Mar 4, 2024",637,238,14.301,2,5256,1.1
rKzS3y8XGyY,UFSCar realiza Feira de Oportunidades,"Jul 4, 2023",269,238,7.4781,1,3920,1.94
K2F5tgaWP18,8ª Reunião Extraordinária do Conselho de Gestão de Pessoas (CoGePe),"Jan 24, 2023",10460,237,54.4602,1,6800,1.63
YLpxsPjXBRQ,Alunos do Campus Lagoa do Sino da UFSCar colaboram no Programa de Conservação da Palmeira Juçara,"Nov 29, 2022",232,236,4.8755,5,2861,3.46
DQeiQJL96IA,Cerimônia de entrega do Título de Doutor Honoris Causa para Dermeval Saviani,"Dec 15, 2022",334,235,5.2915,2,2165,3
Mz8tew3bCoc,"Mesa Redonda ""Saúde Mental  Antirracista"" | Novembro Negro UFSCar","Nov 28, 2023",10807,235,44.9116,9,5466,1.5
lB-QIFvNmBg,4ª Reunião Ordinária CoGePe,"Mar 8, 2022",13910,234,88.8554,2,2559,5.43
LxsNzIuQ-c8,O assédio não cabe na UFSCar,"Nov 8, 2023",138,233,5.4194,0,1767,2.94
Yywd2Lpc7dQ,266ª Reunião Ordinária do Conselho Universitário (ConsUni),"Dec 16, 2022",11943,233,84.3057,2,4336,2.77
5slgAXD9Ayk,Quero saber - Genética da Conservação: o que é e para que serve?,"Nov 6, 2023",60,232,1.7734,2,4980,0.8
K93xYrztyGA,T2 #2 - Diferença entre mão direita e mão esquerda e a busca de vacinas mais eficazes,"Feb 15, 2022",1078,231,5.074,1,838,0.72
BYmUN2ylZFo,Na Pauta #58,"May 24, 2022",3643,230,36.2855,5,4472,3.82
Irs3WZQmNQ0,EdUFSCar No Ar #1,"Aug 6, 2021",4119,230,24.3799,4,3666,2.54
n-cFrW6ZdkU,"Ciência UFSCar - Indústria brasileira e pandemia: fragilidades, desafios e potenciais","Apr 29, 2021",5764,230,49.029,9,8709,1.27
1qZH5C_B5tY,270ª Reunião Ordinária  do Conselho Universitário (ConsUni),"May 12, 2023",12706,229,72.7238,2,3050,5.05
bswJK5MmtYw,UFSCar de Todos os Povos - Etnia Atikum,"Mar 13, 2023",172,229,4.6607,2,1990,3.77
028yTQl9WNc,Redução de danos e combate às violências nas festas universitárias,"May 9, 2023",3788,228,28.2411,6,2330,3.39
T16-Z7FSzsE,275ª Reunião Ordinária do Conselho Universitário,"Feb 23, 2024",10462,227,50.7764,4,2766,4.34
ppOfjVFkjdU,Biblioteca do Campus Lagoa do Sino ganha acervo de Raduan Nassar,"Jun 21, 2022",237,227,7.6009,4,3523,3.07
xWYpGYPQJqw,UFSCar realiza 29º Congresso de Iniciação Científica e Tecnológica,"Jun 13, 2023",299,227,5.6824,4,3824,1.15
pMQ9sbDT3YY,ProAd Descomplica | 1º Encontro,"Nov 21, 2023",12574,226,27.1358,7,8629,0.81
gMu8WvcE_xY,Reunião Extraordinária do Conselho de Gestão de Pessoas (CoGePe),"May 24, 2022",6586,225,59.7704,1,3388,4.46
k-fqFcC9vDg,Reunião Extraordinária do Conselho Universitário | ConsUni UFSCar,"Nov 24, 2023",12495,225,73.1397,1,2428,5.44
sBY7m4lj7SA,"Quero saber – O que aconteceu com o clima no Brasil, nos últimos 60 anos?","Dec 4, 2023",346,225,4.204,2,1110,0.99
uVb1KoDVHpE,Quero saber - Por que precisamos de profissionais de Gestão Ambiental?,"Feb 5, 2024",260,225,6.837,3,2735,2.41
cY13zKtPZU8,Homenagem Prof. Elson Longo - A química em materiais: da teoria à inovação,"Apr 4, 2025",12762,224,51.7342,4,1755,3.82
-7Cke9UVKzQ,261ª Reunião Ordinária do Conselho Universitário (ConsUni),"Jun 3, 2022",7011,223,80.2396,-1,3290,4.5
8Oz2n32TqU8,XIII SEGRAD/UFSCar - Abertura | Inserção Curricular da extensão nos cursos de gradua...,"May 9, 2023",7449,223,79.2708,13,3214,2.08
W-18qlRcPNU,259ª Reunião Ordinária do Conselho Universitário (ConsUni),"Mar 25, 2022",6580,222,76.2739,0,2523,4.88
eZGpypYyn14,"Workshop ""Biologia Quântica - o surgimento de um novo paradigma""","Feb 12, 2025",8777,222,40.9523,4,2171,3.68
ij2HkwojsEA,Quero saber - Quais os efeitos da transfobia na vida das pessoas e na sociedade?,"Nov 28, 2023",254,222,5.6307,2,3609,1.44
0hyxBddW9yk,IV SIMPOSIO DE PESQUISA EM JUVENTUDE NO BRASIL - Mesa 2,"Apr 10, 2024",8387,221,34.0804,4,1989,5.33
HFDgc16KCAQ,Na Pauta #85,"Dec 13, 2022",6796,221,47.8084,4,2471,3.16
QgQ-81gqKR0,1º Encontro Sobre Livros de Acesso Aberto - Mesa,"Nov 11, 2021",6132,221,64.985,6,3312,3.65
a8yYm410pbs,Retorno às atividades presenciais na UFSCar | Luana de Souza - Pedagogia- São Carlos,"May 25, 2022",66,221,2.3149,0,2321,6.94
d_5zOlcecho,Sistema de Gestão Ambiental - UFSCar,"Jun 8, 2020",358,220,6.9006,3,2208,5.8
nHrTp-8Rsas,"Quero saber - Acupuntura, fitoterápicos, aromaterapia: a que - e quem - servem as PICs no SUS?","Nov 13, 2023",59,220,1.8752,2,4347,1.27
rAEEcCq5Pdk,Na Pauta #8,"Apr 13, 2021",5083,220,18.9634,7,2252,3.42
ta_3friS954,Na Pauta #43,"Feb 1, 2022",3913,220,27.6549,5,2329,3.09
uIf5MAlQ3a8,Na Pauta #42,"Jan 25, 2022",5420,219,48.4368,2,2784,2.66
2ghxTXQtZjA,Depoimento Alice Agnes - Transformação,"Jan 27, 2023",321,218,7.1913,0,3107,3.67
VWxQOSCNWyI,Conselhos Superiores - Sessão Pública de apuração dos votos,"Nov 15, 2024",1457,218,17.5255,2,1395,3.94
pjilPTkZqGU,NA PAUTA ENTREVISTA - OBSERVA SANCA,"Jan 31, 2023",1680,217,15.3475,8,2610,2.03
r-4x2BxIp0o,Reunião do Conselho de Administração (CoAd),"May 6, 2022",8592,217,49.9491,0,2652,4.22
UJU2eHG49nk,EMBRAPII-UFSCar promove parceria entre Universidade e empresas,"Feb 23, 2023",235,216,4.4437,1,2412,2.11
fUZrQv5eoA0,Na Pauta Especial - Independência para quem?,"Sep 6, 2022",6910,216,50.8146,2,3469,2.94
p3vJDxAIMjA,133ª Reunião Ordinária do Conselho de Extensão (CoEx) da UFSCar - Reunião Nº 07/2022 (julho de 2022),"Jul 7, 2022",10977,216,44.6472,0,5404,1.74
Ccf2cXr367M,"Reitora, Ana Beatriz de Oliveira, avalia os dois primeiros anos de gestão (parte 1)","Jun 21, 2023",441,215,7.341,2,4120,1.12
Q30a0ju3ZJ8,Acervos e coleções: do passado na memória a futuros diversos pela pesquisa e formação,"Jun 10, 2021",5704,215,52.2222,10,3284,2.13
ApU9mVZq-80,"Reunião Extraordinária ConsUni - 29/01/2021, 9h","Jan 29, 2021",12787,213,139.7382,5,4939,1.82
euGi9BxCORo,Programa criado na UFSCar capacita profissionais no atendimento a idosos,"Oct 4, 2022",248,213,5.8495,6,1850,2.86
CEyk-OcgNXE,Na Pauta #51,"Apr 5, 2022",4060,212,16.2078,1,1892,2.59
H4et7umDcWQ,1º Encontro Sobre Livros de Acesso Aberto - Conferência,"Nov 10, 2021",3862,212,43.8916,14,2760,3.84
0cOiZ54wzhI,"Fala, cientista! - Pesquisas Eleitorais - 01/12","Sep 9, 2022",104,211,3.0654,2,3925,1.27
AqctsabxE-U,O Racismo não cabe na UFSCar!,"Oct 11, 2023",94,210,2.902,1,1257,7.4
DuE-eS-pC-k,Na Pauta #64,"Jul 12, 2022",3973,210,24.5982,3,2582,4.26
JWJGgfYkDwQ,"Racismo, homofobia, desigualdade e extermínio: os impasses da atuação do Estado","Jun 22, 2022",5508,210,54.5714,9,4209,3.14
XWhmiF2JMDI,Palestra: Pedagogia do arquivo: produção e difusão do conhecimento na era da inteligência artificial,"Nov 14, 2024",6509,210,34.8334,8,5157,1.47
3pkFFvurIR8,"Fala, cientista! - Que Brasil vai às urnas? 13 - Militarismo","Oct 25, 2022",317,209,7.5888,5,5722,2.39
od50O_1ybGw,EdUFSCar completa 30 anos de história,"Mar 7, 2023",2006,209,19.4523,2,4903,1.16
QvFY9HJorxM,Quero saber - Existem evidências científicas sobre a eficácia das PICs incluídas no SUS?,"Nov 13, 2023",328,208,7.5847,3,1624,2.16
fEzpnMyhRYg,"Alumni UFSCar: Ângelo Fernando Padilha, formado em Engenharia de Materiais na UFSCar","Aug 11, 2023",85,208,3.0268,2,3550,2.34
okebSrSb3hs,264ª Reunião Ordinária do Conselho Universitário (ConsUni),"Sep 30, 2022",13487,208,83.6997,0,2420,6.4
tDqzX1wovpc,Reunião Extraordinária do Conselho Universitário,"Mar 10, 2021",8585,208,79.0326,5,3580,2.49
95zJGdA2Oz0,Depoimento Jéssica Athos - Transformação,"Jan 29, 2024",373,206,5.0654,0,2670,2.62
p-xdZJHLQ-Y,Quero saber - Como a Ciência pode chegar às empresas brasileiras?,"Sep 11, 2023",60,205,1.1525,0,2060,0.83
OxqF39lIoCw,Reunião Extraordinária do Conselho de Graduação (CoG),"May 24, 2022",7848,204,71.9607,2,2326,6.28
SpIpUVjiRkg,61ª Reunião Ordinária do CoAd,"Feb 18, 2022",11944,204,67.1696,-1,3017,3.41
k2NWUJpwrug,Sob o pôr do Sol - Vídeo 3,"Jul 26, 2024",501,204,7.7829,0,3252,1.54
9cUsr0-HFjI,9ª Reunião Ordinária do Conselho de Pessoas (CoGePe),"Oct 4, 2022",9371,203,59.2787,2,3560,2.61
cDbSkqoW9jo,"Fala, cientista! - Que Brasil vai às urnas? 16 - Segurança pública","Oct 25, 2022",342,203,7.1044,0,3055,1.24
QYEoWVNZ5pg,92ª Reunião Ordinária do Conselho de Graduação - CoG/UFSCar,"Feb 8, 2021",15452,202,60.9638,4,2030,4.09
mR5l_tb1C94,Reunião Extraordinaria do CoG,"Mar 22, 2021",15403,202,72.5598,2,1705,5.04
RL-3HMiw3ek,UFSCar planta 9 mil mudas nativas em área de reserva legal no Campus São Carlos,"Mar 12, 2024",50,201,0.9627,0,5480,0.88
wXqHnrntl0o,HU-UFSCar inaugura 29 leitos de enfermaria e dez de UTI Pediátrica,"May 30, 2023",269,201,5.04,1,2832,2.08
P7mpBSU0j3c,“Boys and girls” e muito mais: projeto da UFSCar interage com estudantes do Ensino Fundamental,"Nov 8, 2024",328,200,6.3225,2,3121,2.05
c21iUEil540,Quero saber - Como ser feliz no momento presente?,"Feb 12, 2024",182,200,3.7382,3,1693,1.06
mS463ZW7s1g,75º Reunião Ordinária do Conselho de Assuntos Comunitários e Estudantis | CoACE  UFSCar,"Feb 27, 2024",9880,200,33.5688,4,3828,2.3
7-Ps7ON744s,Ciência UFSCar - Desafios para a Cultura Científica no Brasil,"Sep 26, 2022",5879,199,52.9061,10,4046,2.77
Npuqxz5OHmk,17ª Reunião Ordinária do Conselho de Gestão de Pessoas | CoGePe UFSCar,"Feb 6, 2024",7691,199,42.1298,6,7942,1.31
WydypxFaYPU,Mensagem da Reitoria sobre o retorno da obrigatoriedade do uso de máscara,"Nov 17, 2022",171,198,4.797,2,1233,1.7
WgsrFmt0LcE,7a Semana dos Estudantes Indígenas da UFSCar,"Jul 14, 2022",160,197,4.2429,3,2489,4.38
rXoEZqIbqL0,Mensagem da Reitora sobre as Diretrizes da Fase 1 de retomada,,249,197,8.6989,1,0,
 -bt8ZfUKU8Q,Homenagem da Reitoria ao Dia dos Servidores e das Servidoras,"Oct 28, 2021",115,196,4.1654,5,1604,1.12
Z4Y_tN88Tu8,"Quero saber - De Dubai a Belém, via Azerbaijão: o que decidem as COPs?","Jan 22, 2024",862,196,13.159,0,4018,1.14
xM3YRiuAc-M,"Conexão Federal: Internacionalização, com Márcio Weber Paixão","Jan 29, 2024",3497,196,13.6378,2,3652,1.01
 -gfDx2OuB9g,EMBRAPII E INOVAÇÃO NA UFSCar: O que é? Como fazer?,"Sep 18, 2023",59,195,1.6976,0,3656,1.39
 -ig841hw33A,UFSCar de Todos os Povos - Filippo Ghiglieno,"May 18, 2023",230,195,4.9376,1,1551,3.68
EpK-rz8lY50,Na Pauta #59,"May 31, 2022",3717,195,24.4318,2,2357,3.48
xnHAisaEP84,Trilhas da Inovação - Ep.5 – Know-how,"Oct 11, 2023",314,194,7.0878,0,1674,3.88
Z-pDaXtJOOE,51ª Reunião Ordinária do CoACE,"Mar 16, 2021",5955,192,40.4112,9,2151,2.37
uiZgoRkuaLk,265ª Reunião Ordinária do Conselho Universitário (ConsUni),"Nov 25, 2022",10669,192,65.7299,0,2663,3.98
wjyYrO38b8A,XIII SEGRAD/UFSCar - Encerramento | Inserção Curricular da extensão nos cursos de gradua...,"May 10, 2023",7519,192,59.6557,3,2857,2.42
UzPW-M1v35A,Na Pauta #52,"Apr 12, 2022",5680,191,28.8163,1,2884,3.22
WR4hSDWZo-c,Na Pauta #19,"Jun 29, 2021",3660,190,27.1824,5,1749,4.29
MldjFm802Pk,Na Pauta #24,"Aug 3, 2021",4869,189,30.0147,2,2101,4.33
jK_nF1MG1k8,SeGEF gerencia vinte projetos de obras para 2023,"Apr 18, 2023",170,189,4.6211,3,4005,1.15
y3Mkn7IE7OA,Reunião Extraordinária ConsUni 13/10/2021,"Oct 14, 2021",11301,189,52.9885,1,1581,3.98
LexeMtZlzYk,Pesquisas do INCT-HYMPAR ganham novo espaço na UFSCar,"Oct 17, 2020",209,188,3.8392,0,971,2.57
lSj-xLBGNfo,EdUFSCar no Ar #3,"Sep 1, 2021",3558,188,24.0819,7,3741,2.41
pesYPRXGYXU,Na Pauta #45,"Feb 15, 2022",2958,188,12.4513,1,2452,1.88
BSWjR3zlhOQ,3ª Reunião Ordinária do Conselho de Gestão de Pessoas  (CoGePe),"Feb 1, 2022",13119,187,54.5113,1,3304,3.75
 -oVCYsBWrEo,Na Pauta #12,"May 11, 2021",4358,186,13.9641,3,1886,2.28
J3YsZzmkVIk,Na Pauta #46,"Feb 22, 2022",3381,186,7.8487,0,2589,1.74
bRp0vRHkXvc,"Ciência UFSCar - Covid-19: Impacto em grávidas, mães e bebês no Brasil e no mundo","Dec 3, 2021",5477,186,20.2661,4,5084,0.71
4kFi6UBOVns,Daiane Aparecida Zuanetti,"Feb 6, 2023",207,185,2.8398,1,1672,3.95
6TVdc9EEzLM,138ª Reunião do Conselho de Pós-Graduação (CoPG),"Jun 29, 2022",14332,185,42.5906,0,4298,2.72
WMl0ILUvPAw,"Comemoração de 1 ano do Instituto da Cultura Científica ""William Saad Hossne""","Sep 28, 2022",13665,185,47.7415,1,4536,1.63
mCdwlY-Qk90,107ª Reunião Ordinária do CoG - CoG UFSCar,"Aug 8, 2023",11272,184,43.7206,2,10224,1.39
F6pp-ZQh0k4,Na Pauta #74,"Sep 20, 2022",5436,183,33.097,1,2313,2.64
VPx-sqhdjSo,VOCÊ NA UFSCAR -  TEM RESERVA DE VAGAS?,"Apr 28, 2023",126,183,3.5286,1,1698,4.18
WXDT3Srqjd4,Mesa redonda | Reforma psiquiátrica: desafios atuais para o SUS e para as universidades,"May 15, 2023",7901,183,39.8769,8,2947,2.44
lh0dNmFM-Po,Conferência IEAE - Universidade para o Futuro,"Aug 27, 2024",9366,183,26.1058,2,5040,1.83
 -gLhfkW3EgE,Quero saber – Qual o caminho da felicidade?,"Feb 12, 2024",52,182,1.1406,2,4156,0.63
A7BoivtGB7k,Na Pauta #21,"Jul 13, 2021",3341,182,13.7267,1,1857,3.34
PutyTxr2R6A,Quero saber – De onde surge e como se perpetua o machismo?,"Oct 9, 2023",60,182,1.3821,1,2926,1.16
QAX7wDh3yFk,UFSCar coordena centro de estratégias para recuperação da Mata Atlântica,"Mar 14, 2023",1418,182,11.5098,4,3225,1.02
fzVqOFstSXU,UFSCar conta Sua História - Oswaldo Baptista Duarte Filho,"Mar 13, 2025",4686,182,46.9731,0,1257,3.9
5SXSldGAe_M,"NIASE: 20 anos de sonhos, ciência e transformação social","Jun 27, 2022",8345,181,19.4607,6,3505,2.97
VKDXqVNqpmU,"Inscrições abertas: Programa Doutorado Sanduíche no Exterior (PDSE), da Capes","Dec 6, 2024",90,180,2.0413,2,1717,2.04
W5zxwl-O60o,Na Pauta #32,"Oct 5, 2021",4910,180,12.1593,2,1592,1.88
9yjwoLEEHPs,Evento de abertura do Programa de Felicidade na UFSCar em parceria com a Zenbox,"Oct 10, 2023",12212,179,35.8001,8,6192,1.16
pN8ZfMTDfFg,Quero Saber – Desenvolvimento sustentável: solução ou falácia?,"Feb 24, 2024",60,179,1.3631,3,6087,0.76
tLsJ2WRo3Ws,57ª Reunião Ordinária  do Conselho Administrativo,"May 14, 2021",7625,179,52.9428,3,1372,4.15
DOWlhP6Hpkg,61ª Reunião Ordinária do CoACE,"Feb 22, 2022",9400,178,28.4239,1,2281,2.02
YgJq1wbwVOM,Na Pauta #70,"Aug 25, 2022",5558,178,22.1314,1,2203,2.22
a1MA6H7l-Pg,EdUFSCar No AR #7,"Dec 8, 2021",4206,177,16.6704,1,4362,1.24
xBQhA9-AXV8,Na Pauta #69,"Aug 16, 2022",4950,177,32.7765,3,2812,2.77
6LhNRnHLD90,EdUFSCar no Ar #4,"Sep 29, 2021",3759,176,15.3,10,2436,1.64
DhdyPeqSBp0,Reunião Extraordinária do CoG,"Jan 14, 2025",12142,176,35.4345,0,7520,1.42
WgsVMBzXHuU,Reunião Extraordinária do Conselho Universitário | ConsUni UFSar,"Nov 30, 2023",9133,176,39.787,0,1993,5.57
XjMTPCqgMiY,Projeto Canecas UFSCar,"Jul 26, 2022",211,176,4.6373,0,1837,3.81
cWsovsm-SdA,Combate à violência de gênero e cultura da paz: desafios para a universidade pública brasileira,"Aug 26, 2023",7008,176,31.5646,6,3730,1.98
d5BoulK0FjM,11ª Reunião Ordinária do Conselho de Gestão de Pessoas (CoGePe),"Feb 7, 2023",10762,176,44.1595,0,3796,2.45
LeGz-iQbNy4,Equipe da Pró-Reitoria de Administração fala sobre desafios e conquistas nos dois anos de gestão,"Jun 29, 2023",389,175,6.5936,1,4669,1.16
PDUbueOlkek,Na Pauta #9,"Apr 20, 2021",6004,175,22.8719,5,1575,3.56
9mXVjzxF-TQ,8ª Reunião Ordinária do Conselho de Gestão de Pessoas (CoGePe),"Aug 2, 2022",9363,174,62.7564,0,4013,2.49
J0lmC6uq6XU,110ª Reunião Ordinária d Conselho de Graduação | CoG UFSCar,"Jan 23, 2024",11920,174,26.6548,3,2856,3.4
ZksSxDCAmyc,Depoimento Fernanda Marciano – Transformação,"Feb 3, 2023",292,174,4.3067,1,2534,2.84
uBbWRp9i4Y8,CCET: Perspectivas da UFLA para o ensino de ciências exatas e tecnológicas no retorno ao presencial,"Jun 1, 2022",4201,174,39.1479,3,7085,1.02
KczYVA04NtU,136ª Reunião do Conselho de Pós-Graduação (CoPG),"Apr 27, 2022",12024,173,60.9317,0,3094,3.2
OmnPDpVxDfE,UFSCar de Todos os Povos - Valdomiro Rodrigues,"Jul 13, 2023",96,173,1.952,0,1981,1.51
jOyTPakZQPc,Retorno às atividades presenciais na UFSCar | Rafaela Mathias - Letras - São Carlos,"May 9, 2022",78,173,1.9934,0,2001,5.15
tLmg8iS8Lgs,Reunião Extraordinária do Conselho de Administração,"Apr 16, 2021",6298,173,45.9553,1,1905,4.2
6GwALEJvTKE,Na Pauta #76,"Oct 4, 2022",4911,171,33.6091,3,2277,2.72
QlpxUUlEZb0,Quero saber - Desenvolvimento sustentável: solução ou falácia? (Série Clima – Episódio 2),"Feb 26, 2024",1204,171,9.0283,1,3485,0.92
dY9_Dx0cUnw,280ª Reunião Ordinária do Conselho Universitário,"Feb 28, 2025",12527,171,51.3553,1,1746,4.75
1FMhirlD1ds,Na Pauta #44,"Feb 8, 2022",4266,170,18.173,1,2411,2.49
AtXzDJkx1vY,Depoimento Nicholas Baladore - Transformação,"Jul 31, 2023",337,170,4.2875,0,1892,2.59
hI7NB4f9cNw,Quero saber - O que é a região Neotropical?,"Nov 6, 2023",199,170,4.9571,3,4354,1.4
tYGa69k7Noo,IV SIMPOSIO DE PESQUISA EM JUVENTUDE NO BRASIL - Mesa 4,"Apr 10, 2024",7211,170,24.804,3,1990,3.42
P8NCOXUYgRw,Sessão Solene ConsUni | Homenagem aos servidores aposentados de 01/2021 até 11/2023,"Dec 21, 2023",4525,169,22.4274,-1,2222,4.01
 -imH4tUaK5Q,UFSCar promove Campanha Acolhimento Legal de combate ao trote,"Jun 15, 2022",235,168,3.9294,0,1839,4.51
hlsbD9wCPV4,"Sementes da Cultura Científica - Adilson de Oliveira, Departamento de Física","Sep 30, 2022",593,168,5.3467,4,5707,0.81
qE-mB6AZ5Sw,Îandê YBY (Somos a Terra) e Não Donos Dela - Já somos um outro mundo possível,"Oct 16, 2024",5856,167,27.5408,1,1784,3.64
4ryrDcKfnnQ,Programa Capes/Brafitec apoia intercâmbio de estudantes de graduação entre Brasil e França,"Sep 5, 2023",85,166,2.0759,1,2593,2.39
G5R23Q9y2jk,Conexão Federal - EdUFSCar : Oswaldo Truzzi e Wilson Alves-Bezerra,"Oct 16, 2023",4014,166,7.2655,0,1543,3.63
oenGqYWoZN4,Visita do Presidente da FINEP – Celso Pansera,"Aug 18, 2023",4795,166,27.4296,5,4337,1.45
2AI9f0iSQ54,2a. Conferência do ciclo “Universidade para o Futuro:  Juventudes: novos desafios do conhecimento.,"Apr 4, 2024",9843,165,25.5824,1,4194,2.12
NudQRRmc01A,247ª Reunião Ordinária do ConsUni - 2ª Sessão,"Apr 1, 2021",13581,165,74.6586,2,2205,4.4
I5cF6Vq3AsQ,Na Pauta #41,"Jan 18, 2022",5118,164,18.2669,0,2382,2.69
oX5mDO6ex4w,Na Pauta #34,"Oct 26, 2021",3670,164,20.8977,0,2422,2.06
ypG2r0orQSM,142ª Reunião Ordinária do Conselho de Pós-Graduação (CoPG) da UFSCar,"Dec 7, 2022",13010,164,38.7211,0,3151,2.95
7vsuu26YYjY,Depoimento Victória Ayumi - Transformação,"Feb 15, 2023",254,162,3.0255,0,2607,2.8
gxPlezKh4-k,Feira de Oportunidades 24 - Da UFSCar à Liderança na Amdocs: Inspire-se com essa Jornada de Sucesso!,"Nov 6, 2024",7674,162,33.5728,1,3913,1.48
v6OS8xPpk6E,10ª Reunião Ordinária do Conselho de Gestão de Pessoas (CoGePe),"Dec 6, 2022",8193,162,20.2351,1,3737,2.44
2ZTufffrH8k,Reunião Extraordinária do Conselho Universitário | ConsUni UFSCar,"Sep 29, 2023",11265,161,35.5837,0,2557,4.89
Qml2fRnc0Uo,Depoimento Alex Kreibich - Transformação,"Feb 27, 2023",432,161,4.9126,0,4865,1.69
rz-Eau8FO-s,275ª Reunião Ordinária do Conselho Universitário - continuação,"Feb 23, 2024",13447,161,51.8938,2,2778,4.03
EgfUwHqf4hc,Na Pauta #53,"Apr 19, 2022",5149,160,26.5816,4,3340,2.22
WvwtnYgVWrc,Na Pauta #14,"May 25, 2021",4296,160,22.1332,5,1430,2.31
ZEoQkneKVZc,250ª Reunião Ordinária do Conselho Universitário,"Jun 25, 2021",16061,160,88.7891,2,2200,3.95
lUG1ptGcyA8,Reunião Extraordinária do Conselho de Graduação (CoG),"Oct 27, 2022",7549,160,45.9737,0,2519,3.45
HGGf9IoMvMM,"Conheça o trabalho da UAC, em atividade há 30 anos na UFSCar.","Nov 1, 2022",200,159,3.4588,2,4582,1.53
i-1DkoMBTyw,Retorno às atividades presenciais na UFSCar | Natalia Duarte - Fisioterapia - São Carlos,"May 4, 2022",50,159,1.3924,0,1973,4.16
iaQ3oDl87qw,Na Pauta #48,"Mar 15, 2022",3232,159,12.4994,2,2550,2.39
xh-I8qlgfKI,Na Pauta #33,"Oct 19, 2021",4711,159,33.5335,3,2123,3.11
7gD8z-tutRI,279ª Reunião Ordinária do Conselho Universitário,"Dec 6, 2024",13223,158,63.0985,0,1712,5.49
2MPniLIljjI,137ª Reunião do Conselho de Pós-Graduação (CoPG),"May 25, 2022",10748,157,44.5446,2,3709,2.56
iDdylsyKZ7s,UFSCar recebe qualificação do DGeroBrasil,"Jan 16, 2023",236,157,3.0856,2,1833,2.18
o0jQlJHKvFU,249ª Reunião Ordinária do Conselho Universitário,"May 28, 2021",13338,157,70.5999,1,2410,3.61
uQ5HDVWmt2o,Pesquisa da UFSCar vence Prêmio Capes de Tese,"Sep 5, 2023",46,157,1.0551,1,1771,1.36
L5UYQf0ZZBA,Tutorial - Eleições p/ os Conselhos Superiores da UFSCar,"Oct 28, 2020",143,156,3.3581,2,913,0.99
VcKxMAsBQvQ,253ª Reunião Ordinária do ConsUni,"Sep 24, 2021",12971,156,65.4869,1,2515,4.17
tyzHuDj8b20,94ª Reunião Ordinária do CoG,"Jun 14, 2021",14042,156,76.7745,3,2223,3.46
Mostrando os primeiros 500 resultados
