Cidades,Nome da cidade,Visualizações,Tempo de exibição (horas),Duração média da visualização
Total,,157474,10276.9512,0:03:56
0x94b87726bb9dd181:0xd9d7d71505999bc,"São Carlos, SP, Brasil",6936,1890.2554,0:16:21
0x94ce448183a461d1:0x9ba94b08ff335bae,"São Paulo, SP, Brasil",3581,285.1136,0:04:46
0x94c8c61de74b6325:0x17e53a6a2178c22a,"Campinas, SP, Brasil",387,97.7175,0:15:09
0x94c5f54bcad87989:0x4a9099fb9d10cb8e,"Sorocaba, SP, Brasil",277,111.1318,0:24:04
0x9bde559108a05b:0x50dc426c672fd24e,"Rio de Janeiro, RJ, Brasil",263,12.8271,0:02:55
0x92a461af84756ce1:0x570d540215864c35,"Belém, PA, Brasil",61,22.9426,0:22:33
0x94ce1f9dd9bf50e5:0x83b44c5ff623bb51,"Praia Grande, SP, Brasil",59,7.1187,0:07:14
0x94b9bf1d68acc21d:0x37b8ee0abedeea39,"Ribeirão Preto, SP, Brasil",55,13.045,0:14:13
0x94b6c3b51bc0dabf:0x8e4ec776339fd64d,"Passos, MG, Brasil",46,6.147,0:08:01
0x94dce35351cdb3dd:0x6d2f6ba5bacbe809,"Curitiba, PR, Brasil",41,18.7858,0:27:29
0x94bdad614c2df789:0x8f2fb0f070642c09,"São José do Rio Preto, SP, Brasil",39,3.25,0:05:00
0x716112050422ebd:0xf71c84369573db9d,"Salvador, BA, Brasil",38,1.1161,0:01:45
0x94b8f15fecb7508b:0xbdaebe35da49b086,"Araraquara, SP, Brasil",36,12.4928,0:20:49
0x94c870cc12a095e9:0x888552ad0cb59b45,"Araras - Jardim Europa, Araras - SP, Brasil",36,14.7865,0:24:38
0x7c74f21f6c15c2f:0xfd6d6706cb7927aa,"Fortaleza - Zone , Fortaleza - CE, Brasil",29,0.3799,0:00:47
0x94bf689c0ddaa221:0x251c368f6fa134a0,"Bauru, SP, Brasil",27,3.9014,0:08:40
0x94ecd6ee42618c1f:0xc356592828e03925,"Maringá, PR, Brasil",26,1.2774,0:02:56
0xa690cacacf2c33:0x5b35795e3ad23997,"Belo Horizonte, MG, Brasil",24,0.4899,0:01:13
0x935a3d18df9ae275:0x738470e469754a24,"Brasília, DF, Brasil",21,2.3121,0:06:36
0x94bbf752ac2dacd9:0xf13831ec0d4ec6db,"Monte Azul Paulista, SP, -, Brasil",21,1.0693,0:03:03
0x94deafdc40afbc4b:0x4b39d148cac10ae7,"Joinville - Pirabeiraba, Joinville - SC, Brasil",19,1.7877,0:05:38
0x95199cd2566acb1d:0x603111a89f87e91f,"Porto Alegre, RS, Brasil",19,9.0454,0:28:33
0x7166b5105b7e591:0xce4ae4a48d9e6ace,"Simões Filho, BA, Brasil",18,1.2957,0:04:19
0x7a472d082d8edb7:0x1c5023bf5f28ade8,"Cajazeiras, PB, -, Brasil",17,0.6453,0:02:16
0x926c1bc8b37647b7:0x2b485c9ff765a9cc,"Manaus, AM, Brasil",17,1.7132,0:06:02
0x94bc6e5b44bfa651:0xe2b2858b52ac0295,"Olímpia, SP, -, Brasil",17,0.3232,0:01:08
0x1ee69723b666da55:0x42497f579a6bb442,"Maputo, Moçambique",15,0.2911,0:01:09
0x706c28d0df91973:0x1bfdedbbb235a546,"Viçosa, AL, -, Brasil",15,0.5066,0:02:01
0x94cf5265d8ecfaed:0xe774edc5dd9694a7,"Salto, SP, Brasil",15,0.6842,0:02:44
0xba3472cd9ba23d:0x1c33532ef97bbe0a,"Iúna, ES, -, Brasil",14,2.0163,0:08:38
0x7b3aaac26460531:0x5d8b404cf00fed69,"Natal, RN, Brasil",13,0.2619,0:01:12
0x9379c8415a99e261:0x68c26f5b554d755c,"Rondonópolis - Vila Operária, Rondonópolis - MT, Brasil",13,4.1706,0:19:14
0x94cb638240ee9d05:0x9c782630346ca79d,"Itajubá, MG, Brasil",12,9.436,0:47:10
0x94ce03423c3b1c3b:0x584dceedfc63644f,"Santos, SP, Brasil",12,0.8613,0:04:18
0x94ecdaa47011c365:0x276d34db319d27d2,"Sarandi, PR, Brasil",12,0.7618,0:03:48
0x94b0a9b35dc60831:0x68b8558a69681462,"Franca, SP, Brasil",11,1.9236,0:10:29
0x94b81e6f61d759e9:0x21f152ecbe178047,"Santa Rita do Passa Quatro, SP, -, Brasil",11,0.8212,0:04:28
0x94b864b2d5842aa1:0x7ff18b310501935d,"Ibaté, SP, -, Brasil",11,0.3314,0:01:48
0x70454eca8632865:0x30fd297430f81b1d,"Penedo, AL, -, Brasil",10,0.416,0:02:29
0x7aa54a93d22ad87:0x813856d6816ceb4b,"Vitória de Santo Antão, PE, Brasil",10,0.3347,0:02:00
0x94bad03162627637:0x8e83d9edb0f8e15c,"Uberaba, MG, Brasil",10,0.3133,0:01:52
0x94bb8522e9e50a15:0x487b1dd782198bac,"Barretos, SP, Brasil",10,0.083,0:00:29
0x95104991ad796447:0x99bab4aec1bd644f,"Pelotas - Princesa, Pelotas - RS, Brasil",10,4.5207,0:27:07
0x9497f61cb7d933ed:0xd182f4e7894f751b,"Fernandópolis, SP, -, Brasil",0,0,
