Origem do tráfego,Visualizações,Tempo de exibição (horas),Duração média da visualização,Impressões,Taxa de cliques de impressões (%)
Total,157474,10276.9512,0:03:56,1729197,3.38
Externa,71380,2951.0075,0:02:28,,
Pesquisa do YouTube,37249,1909.7608,0:03:09,541098,5.79
Recursos de navegação,15184,1378.6853,0:05:27,446163,2.73
Vídeos sugeridos,14338,1404.525,0:05:52,501688,1.93
Origem direta ou desconhecida,7362,990.5242,0:08:04,,
Páginas do canal,5772,1021.1768,0:10:38,210370,1.95
Outros recursos do YouTube,2057,404.8404,0:11:50,,
Playlists,1790,86.9885,0:02:54,29878,3.45
Notificações,1260,108.4565,0:05:09,,
Feed dos Shorts,1019,16.1942,0:00:58,,
Telas finais,58,4.731,0:04:53,,
Páginas de música,4,0.044,0:00:39,,
Publicidade no YouTube,1,0.0061,0:00:22,,
