Conteúdo,Título do vídeo,Horário de publicação do vídeo,Duração,Visualizações,Tempo de exibição (horas),Inscritos,Duração média da visualização,Impressões,Taxa de cliques de impressões (%)
Total,,,,157474,10276.9512,1844,0:03:56,1729197,3.38
Zo7Ll82R0oQ,Quero saber: O que fazer se um carrapato me picar?,"Jul 6, 2023",294,32749,1069.5208,143,0:01:57,494132,4.29
knCShFe6Zuk,Quero saber – O que é ser uma pessoa trans? E quais as origens da transfobia?,"Nov 27, 2023",205,24167,446.9693,73,0:01:06,20855,2.11
u9nFodo3qZY,Conheça a UFSCar,"Jun 6, 2023",457,3589,141.4866,18,0:02:21,31626,5.27
i70zcWr5qRE,Ética na Pesquisa,"Feb 19, 2024",1052,3453,274.4174,41,0:04:46,11568,9.17
gKEbTs1YkXo,Quero saber - O que faz um Gestor Ambiental?,"Feb 5, 2024",814,3302,223.8596,66,0:04:04,34942,4.62
H8irSMXRJDM,Quero saber - O que é voyeurismo?,"Jan 29, 2024",161,2173,44.3035,9,0:01:13,2993,7.28
SYbcvVgQpVE,"Aula Magna: formação universitária, relações étnico-raciais e esperança","May 7, 2025",9428,2151,685.3734,120,0:19:07,14172,5.91
sgZBAnJIM8U,"#6 - Conheça como funciona a Eletroterapia, recurso fisioterapêutico usado com finalidades variadas","Feb 15, 2022",1100,1971,138.5307,21,0:04:13,23218,3.46
3Rcl_u__Eko,Quero saber - O que faz um Gestor Ambiental?,"Feb 5, 2024",60,1951,19.5371,7,0:00:40,29738,3.47
dEOZASkW2og,2ª chamada SiSU - Entenda a lista e a movimentação das vagas!,"Mar 12, 2024",418,1880,50.6146,16,0:01:36,1617,9.21
7kboUIzK9RU,PIBID forma licenciandos para a docência em sala de aula,"Mar 9, 2023",408,1691,93.4673,15,0:03:18,11534,6.86
vGDSPf3SBS4,Primeiro Debate - Pesquisa eleitoral - Gestão 2025-2029,"Aug 26, 2024",6233,1628,400.3246,25,0:14:45,9391,5.98
7i-XVDZDFh4,"Aula Magna:""Cartas à juventude universitária: como cuidar (e receber cuidado) da nossa saúde mental""","Oct 30, 2024",11246,1593,573.0898,30,0:21:35,23716,3.63
xDAwOPGW7wg,Reitora da UFSCar avalia anúncio referente ao Novo PAC e à implantação de novos campi no País,"Jun 11, 2024",878,1581,136.7404,20,0:05:11,5702,2.23
j4w3TEr21pM,Segundo Debate - Pesquisa Eleitoral - Gestão 2025-2029,"Aug 30, 2024",7590,1502,489.147,18,0:19:32,10517,4.5
LpL8gmveXLs,Anita no acervo de Prestes: histórias que viajam no tempo,"Oct 30, 2023",60,1419,17.4315,8,0:00:48,29517,3.13
W7FT3-rRn60,"Conexão Federal: Mulheres da família Prestes, com Anita Prestes","Nov 21, 2023",4064,1406,293.7439,25,0:12:32,18732,4.48
wEvT2v0rVdw,Quero saber - Quem tem Doença Pulmonar Obstrutiva Crônica deve praticar atividades físicas?,"Nov 20, 2023",338,1216,49.5447,21,0:02:26,12787,7.66
iDVONs9J_d8,"Qual(is) escola(s), para quem e para o quê? Reflexões sobre Educação brasileira em tempo de pandemia","Aug 25, 2021",5855,1174,11.5363,6,0:00:35,164,0.61
MIXJLteZPdM,UFSCar 55 anos,"Mar 14, 2025",10613,1126,210.5899,37,0:11:13,5767,7.66
8qyDVo88fSY,Anita no acervo de Prestes: histórias que viajam no tempo,"Oct 30, 2023",1116,1122,99.2333,18,0:05:18,4734,4.08
Q7r2Ze2IWX0,Quero saber - Livro didático em escola pública: presta ou não presta?,"Oct 2, 2023",60,1117,9.586,10,0:00:33,31231,2.05
bQ6SW5yZJb4,Venha estudar na UFSCar! Esta Universidade é para você!,"Aug 20, 2024",343,968,30.844,11,0:01:54,11549,5.33
B0pEhUs7vEY,Boletim de Oportunidades - Oportunidades em Um Minuto #6,"Jan 28, 2025",102,837,5.7923,5,0:00:24,2520,1.43
Ye0HIF2wMsM,Quero saber – Quais os tipos de assédio mais comuns?,"Oct 16, 2023",173,833,21.5882,8,0:01:33,6480,5.97
YLJ64eptYp8,Max e sua turma em: Descobrindo o Mar - Episódio 1 - O mar que a gente respira,"Oct 17, 2023",755,808,43.2655,22,0:03:12,2190,10.27
ZaEviiNcPW8,Reitora da UFSCar apresenta obras na Universidade incluídas no Novo PAC,"Jun 20, 2024",729,788,54.2722,5,0:04:10,4741,2.15
iL-xUmp9xGs,Cerimônia solene de posse da Gestão 2025-2029,"Jan 18, 2025",8151,787,157.4114,4,0:12:00,10555,3.46
ida10vBiius,Quero saber - Gordofobia: é crime ou é bobagem?,"Oct 23, 2023",60,785,6.2331,3,0:00:32,12223,2.77
7AwzXdXlep4,"Quero saber – Afinal, o que é ecoturismo?","Jan 16, 2024",90,776,14.7787,8,0:01:08,4681,9.85
PDvF70g6kpo,ICC Entrevista - Vera Cêpeda sobre o Prêmio Nobel de Economia 2024,"Oct 21, 2024",1565,773,85.69,19,0:06:39,10778,4.18
VdL57KzCyb8,Ética na Pesquisa,"Feb 19, 2024",57,751,12.9628,2,0:01:03,5398,2.04
SkUIZ7l78J4,"ICC Entrevista - André Moura, sobre o Prêmio Nobel de Química 2024","Oct 10, 2024",2128,633,80.7229,19,0:07:39,12581,2.46
mOZqIdvL3QA,Estudantes falam do papel da Iniciação Científica em sua formação,"Nov 6, 2024",354,625,8.2636,0,0:00:47,2914,1.13
7y06N5CiHjI,Quero saber - Como o PNLD contribui para a qualidade do livro didático no Brasil?,"Oct 2, 2023",339,624,28.2017,14,0:02:42,7648,5.5
DbhoYVb8JkA,Você sabia que pode usar a sua nota do Enem para cursar uma universidade federal?,"Nov 4, 2024",60,593,4.443,9,0:00:31,9761,3.8
D2PHt58ILxY,Quero saber – Ecoturismo é apenas o turismo na natureza?,"Jan 16, 2024",998,578,55.5171,10,0:05:45,3844,6.82
yIiMqATqjJw,VOCÊ NA UFSCAR – COMO FAZER A MATRÍCULA?,"Apr 28, 2023",103,571,9.3116,8,0:00:58,2252,17.54
7a0S_Cy7G8Y,Quero saber – Idade é documento?,"Dec 18, 2023",60,554,3.8663,6,0:00:25,1376,1.16
2E0iUL9ib9U,Como prevenir a violência nas escolas?,"Apr 19, 2023",7332,549,55.2344,9,0:06:02,1090,5.69
WGBw5M8QAQg,55 anos de UFSCar pelo mundo,"Mar 25, 2025",373,527,10.5104,2,0:01:11,3038,2.07
0CuIK9feeq4,Sessão Pública de Apuração,"Sep 5, 2024",1380,520,41.4937,10,0:04:47,4157,4.57
cgqyU1BDMoc,I Encontro de pesquisas em terapia ocupacional  PPGTO - UFSCar (1º dia),"Jun 13, 2024",30286,512,163.2282,43,0:19:07,7043,2.74
m8niCj1ekOs,Projeto no Colégio de Aplicação da UFSCar envolve crianças na prática de compostagem,"Dec 17, 2024",327,511,16.1324,3,0:01:53,7790,0.81
gTEqenrvnTo,ICC Entrevista - Prêmio Nobel de Literatura 2024,"Oct 10, 2024",482,485,21.6363,7,0:02:40,7130,1.65
v3v9TRTebAo,Audiência pública - ConsUni,"Apr 25, 2025",11021,476,162.5644,8,0:20:29,2993,6.25
ux17DJ8jcpk,Quero saber - E os direitos das pessoas trans no Brasil?,"Nov 27, 2023",208,459,10.6484,6,0:01:23,4085,5.07
4F2mnnVPEz0,"Abertura e Mesa: Ensino, Extensão e Pesquisa na UFSCar: um olhar para o futuro da indissociabilidade","Nov 12, 2024",9662,447,114.7812,7,0:15:24,7915,1.53
PlKu1JPMcJ0,SEGrad: Mesa Redonda: A Utilização da Inteligência Artificial no Ensino de Graduação,"Nov 13, 2024",8508,447,122.7027,20,0:16:28,11533,1.49
WEPzQ3uRIHE,Unidade Saúde Escola da UFSCar comemora 20 anos,"May 5, 2025",805,446,19.9116,0,0:02:40,2625,2.78
vhIsr1PG4rg,Egressos e egressas - Vídeo 2,"Jul 26, 2024",336,437,10.2605,1,0:01:24,6830,1.41
uCFxkH99no8,"Teaser Formaturas São Carlos 2024 - 27, 28 e 29/05/2024",,85,424,6.2869,4,0:00:53,14,7.14
T7tC4_r9i_4,Max e sua turma em: Descobrindo o Mar - Episódio 2 – O plástico a caminho do mar,"May 8, 2024",906,419,33.8075,6,0:04:50,2906,6.33
vBhgjZd4-cM,UFSCar adota CadÚnico para comprovação de renda para o SiSU,"Sep 26, 2024",90,415,5.8993,1,0:00:51,2600,6.35
1vtg3NtBfgA,Conferência IEAE - Universidade para o futuro,"Sep 24, 2024",11876,409,141.8296,16,0:20:48,9559,1.8
_CJXT6aLi80,Sob o nascer do Sol - Vídeo 1,"Jul 26, 2024",453,408,14.3308,2,0:02:06,9843,1.47
HLsl1YRrSRI,Quero saber - O que é Linguagem Simples?,"Dec 12, 2023",546,407,21.9794,9,0:03:14,3723,7.06
qoJlRObrl74,Reunião Extraordinária do ConsUni,"Dec 13, 2024",16021,396,213.7734,7,0:32:23,2467,8.84
eML-brhhguc,Quero saber – Quais as origens do machismo?,"Oct 9, 2023",232,395,11.7564,3,0:01:47,872,3.67
Zh5z3timryk,Biblioteca infantil na BCo UFSCar,"Jul 6, 2023",58,390,3.3537,2,0:00:33,7996,2.55
AXYIOZJd0zY,Quero saber: Existe vacina contra a febre maculosa?,"Jul 6, 2023",189,383,8.2682,1,0:01:17,6027,3.82
BWuHJW7cdlw,Palestra Bolsas de Estudos no Japão - MEXT 2026,"Apr 10, 2025",4519,382,59.8963,21,0:09:24,6685,1.69
YIXx2hIb__k,Conheça o UFSCar+Escola,"Oct 11, 2024",416,382,11.2108,5,0:01:45,1810,3.26
R3NszrMKCeo,"Inscrições abertas: Programa Doutorado Sanduíche no Exterior (PDSE), da Capes","Dec 6, 2024",90,375,6.082,10,0:01:00,2572,2.1
sibO6L58pVI,"Quero saber - E, como cuidar da nossa saúde?","Dec 4, 2023",185,372,5.1436,2,0:00:49,337,0
79bseeYHtIk,Conheça a FAI UFSCar!,"Feb 19, 2025",389,371,15.282,1,0:02:28,2451,4.65
WGdtD4_wAFM,Dia Internacional das Mulheres e Meninas na Ciência com a cientista Sonia Guimarães,"Feb 11, 2025",359,371,9.8473,2,0:01:35,3336,2.1
_NlPx4wCTlE,Quero saber – De onde surge e como se perpetua o machismo?,"Oct 9, 2023",716,370,15.9042,1,0:02:34,620,3.87
TbvRvlRnSY4,UFSCar recebe estudantes estrangeiros pelo GCUB-MOB,"Apr 4, 2023",249,362,11.3749,8,0:01:53,3980,7.24
J_pTvheBg2s,Constituição da cédula de votação e lista de votantes,"Sep 3, 2024",1214,360,15.7203,1,0:02:37,3979,2.06
ZHaf-Fq4M3Y,"Max e sua turma em: Descobrindo o Mar - Episódio 3 – Vento quente, chuva fria","May 8, 2024",750,349,25.341,1,0:04:21,2594,6.13
zoSAma8Pk2A,Como enviar sua sugestão de pauta para os produtos de comunicação da UFSCar?,"Jan 24, 2025",205,347,5.5663,3,0:00:57,3831,1.41
KgG3UJO4tg4,Quero saber - Esportes Paralímpicos,"Sep 25, 2023",880,343,16.9216,2,0:02:57,2706,3.51
QhfV_P7smgo,Quero saber - Gordofobia: é crime ou é bobagem?,"Oct 23, 2023",810,338,17.9814,5,0:03:11,7064,3.37
VPgD-pFITxA,Estudantes da UFSCar destacam a importância da iniciação científica,"Jan 9, 2025",499,334,6.2574,2,0:01:07,5180,0.91
fJxZKTOu1-M,Quero saber - Como e por que a transfobia mata?,"Nov 28, 2023",843,321,18.5145,2,0:03:27,4150,4.36
ASskJxdDc1M,UFSCar conta Sua História - Luiz Antônio Tonin,"Mar 13, 2025",2354,317,21.9654,0,0:04:09,2784,1.69
Pk96GtBDpO8,Laboratório de Talentos inspira meninas para trilharem seus caminhos profissionais,"Jun 6, 2024",324,311,7.4366,2,0:01:26,2947,1.73
Ry8TP3ENC4A,Quero saber - Linguagem neutra é luta por direitos ou ataque à Língua Portuguesa?,"Dec 12, 2023",60,309,3.4012,0,0:00:43,7173,2.01
kllqk6vKjBE,I Encontro de pesquisas em terapia ocupacional PPGTO - UFSCar (2º dia),"Jun 14, 2024",13216,305,106.3329,10,0:20:55,4866,2.75
PgsXhbdnnC8,Anita Prestes visita a UFSCar e inaugura mostra sobre Olga e Luís Carlos Prestes,"Aug 29, 2023",59,301,1.6479,0,0:00:21,11003,1.27
DirIDYwrX34,Quero saber – Como combater o machismo?,"Oct 9, 2023",74,294,2.2606,1,0:00:27,1097,7.2
SFd1gjgNI_4,UFSCar inicia processo de renaturalização na região da transfederônica,"Mar 12, 2024",59,288,1.8174,1,0:00:24,8648,1.91
W1__9YBMAYc,Roda de conversa –  Ciência e Humano,"Sep 20, 2024",8393,286,93.7017,0,0:19:39,16245,0.66
0vm-FfIpKTM,Quero saber - Livro didático em escola pública: presta ou não presta?,"Oct 2, 2023",1195,275,18.7905,4,0:04:05,729,4.39
d0KyJXE02NI,Boletim de Oportunidades - Oportunidades em Um Minuto #4,"Nov 27, 2024",120,273,3.1274,2,0:00:41,1417,1.34
pvqabKe3k0I,Obras do Novo PAC avançam e fortalecem infraestrutura da UFSCar,"Apr 14, 2025",319,270,7.815,2,0:01:44,3485,2.27
88KbcatOeHc,Quero saber – Como Surgiram os Jogos Paralímpicos?,"Sep 25, 2023",363,269,9.4459,3,0:02:06,2073,2.41
znKcGhN_5-Y,Quero saber - Quais são os desafios para a implementação segura das PICs no SUS?,"Nov 13, 2023",170,269,6.9885,4,0:01:33,2559,7.7
raHEwzFaNoY,Quero saber - Que prejuízos causa a não regulamentação da profissão de Gestor ou Gestora Ambiental?,"Feb 5, 2024",217,268,8.5044,5,0:01:54,2009,5.38
qdLWu7H3EFY,Quero saber - Genética da Conservação: o que é e para que serve?,"Nov 6, 2023",1171,261,24.4812,4,0:05:37,1452,6.27
r-fzo7iqo0Y,Pró-Reitoria de Extensão está com quatro editais abertos,"Dec 12, 2024",357,261,7.308,1,0:01:40,3673,0.9
lFHfENPvuS0,Quero saber - Quais são os sintomas e as formas de diagnóstico e de recuperação?,"Mar 4, 2024",198,258,2.6963,0,0:00:37,1550,2.06
QAQ1U3gAyDE,SeGrad | UFSCar 2025: Interprofissionalidade no Ensino da Graduação,"Apr 30, 2025",11618,252,102.4864,9,0:24:24,5128,2.46
vAPbQYgmDmg,Reitora da UFSCar fala de investimentos na consolidação dos 4 campi da UFSCar,"Jul 30, 2024",851,247,19.9175,2,0:04:50,2895,1.69
Cvj8luN3ci0,10 anos do Campus Lagoa do Sino,,192,242,7.0712,5,0:01:45,47,42.55
cY13zKtPZU8,Homenagem Prof. Elson Longo - A química em materiais: da teoria à inovação,"Apr 4, 2025",12762,241,53.6322,4,0:13:21,1941,3.71
eZGpypYyn14,"Workshop ""Biologia Quântica - o surgimento de um novo paradigma""","Feb 12, 2025",8777,237,43.1279,4,0:10:55,2288,3.76
rEdzv-Vwtg8,"Quero saber - Acupuntura, fitoterápicos, aromaterapia: a que - e quem - servem as PICs no SUS?","Nov 13, 2023",1061,229,20.277,6,0:05:18,1338,7.47
kTSXghwyCu4,UFSCar recebe novos estudantes,"May 23, 2023",207,223,5.6048,2,0:01:30,2693,6.13
fzVqOFstSXU,UFSCar conta Sua História - Oswaldo Baptista Duarte Filho,"Mar 13, 2025",4686,219,52.8987,0,0:14:29,1669,3.42
VWxQOSCNWyI,Conselhos Superiores - Sessão Pública de apuração dos votos,"Nov 15, 2024",1457,218,17.5255,2,0:04:49,1419,3.88
9-4B9cwBgLU,Quero saber - Esportes Paralímpicos,"Sep 25, 2023",60,213,1.4644,0,0:00:29,7920,1.05
zQJDQtUQQOk,Quero saber - Halloween ou Dia do Saci?,"Oct 30, 2023",60,213,1.822,2,0:00:31,3486,1.84
XWhmiF2JMDI,Palestra: Pedagogia do arquivo: produção e difusão do conhecimento na era da inteligência artificial,"Nov 14, 2024",6509,212,34.8355,8,0:09:51,5182,1.47
8xM0Cmu-OHk,Restaurante Universitário do Campus São Carlos está com novo visual,"Apr 5, 2024",158,210,3.6657,2,0:01:02,1352,6.58
XXQL8WXhwCM,Tutorial: como solicitar o uso do nome social na UFSCar,"Aug 22, 2023",82,207,1.9722,1,0:00:34,594,6.9
_SX7P9hdd5A,"Conexão Federal: Mulheres da família Prestes, com Anita Prestes","Nov 21, 2023",60,204,3.0734,0,0:00:58,4732,2.26
k2NWUJpwrug,Sob o pôr do Sol - Vídeo 3,"Jul 26, 2024",501,204,7.7829,0,0:02:17,3252,1.54
Bcz6V9yaCow,Trilhas da Inovação - Ep.2 - Escala TRL - Grau de maturidade tecnológica,"Oct 11, 2023",258,201,6.1297,1,0:01:49,1380,7.54
P7mpBSU0j3c,“Boys and girls” e muito mais: projeto da UFSCar interage com estudantes do Ensino Fundamental,"Nov 8, 2024",328,201,6.4087,2,0:01:54,3215,1.99
jZVaCgOTn4s,Universidade para o Futuro - Os desafios para a Pós-Graduação,"May 26, 2025",9207,201,80.3911,4,0:23:59,1371,6.71
1NlTqQf_BjQ,Quero saber – O que é voyeurismo e o que isso tem a ver com reality shows?,"Jan 29, 2024",59,197,1.85,1,0:00:35,1178,2.55
8kdAPpZkiOQ,Quero saber - Como e por que a transfobia mata?,"Nov 27, 2023",60,196,1.9915,1,0:00:37,3771,1.46
9CMY_eRy7xY,Quero saber -  Como a doença afeta o cérebro?,"Sep 18, 2023",269,196,6.8144,1,0:02:05,1637,2.81
Zlx3Dy-_csE,VOCÊ NA UFSCAR – SAIBA COMO INGRESSAR NA UNIVERSIDADE,"Apr 28, 2023",55,196,1.8147,2,0:00:33,1161,8.79
90N4hcoE_ZQ,Quero saber – O que é a Síndrome de Burnout?,"Mar 4, 2024",637,190,12.7627,2,0:04:01,2690,1.52
BRIlVLSoV_E,Quero saber – O que é a Síndrome de Burnout?,"Mar 4, 2024",60,189,1.7432,0,0:00:36,4685,0.79
VKDXqVNqpmU,"Inscrições abertas: Programa Doutorado Sanduíche no Exterior (PDSE), da Capes","Dec 6, 2024",90,187,2.0943,2,0:00:40,1845,1.95
Ztrwq5x3PKI,Política de Saúde Mental na UFSCar,"May 23, 2024",694,185,12.0619,0,0:03:54,2819,2.27
gg8gtDqfwI4,281ª Reunião Ordinária do Conselho Universitário,"Apr 25, 2025",14169,185,73.2238,2,0:23:44,2326,5.46
MUehaAl86-U,Max and his friends - Discovering the sea: Episode 1 - The sea we breathe,"Oct 24, 2023",755,184,9.2713,0,0:03:01,1122,3.74
WifvYKgsyZE,"Ana Beatriz de Oliveira, Reitora da UFSCar, fala sobre encontro com o Papa Francisco","Sep 22, 2023",60,183,1.1913,2,0:00:25,4147,2.56
lh0dNmFM-Po,Conferência IEAE - Universidade para o Futuro,"Aug 27, 2024",9366,183,26.1058,2,0:08:33,5053,1.82
IW4UXNwGF2A,"Sentir ou não sentir...: sinal, sensor e significado em materiais e no corpo humano","Aug 9, 2021",5572,182,2.8093,0,0:00:55,153,1.96
c21iUEil540,Quero saber - Como ser feliz no momento presente?,"Feb 12, 2024",182,182,3.5209,1,0:01:09,676,1.78
DhdyPeqSBp0,Reunião Extraordinária do CoG,"Jan 14, 2025",12142,176,35.4345,0,0:12:04,7565,1.41
4Qrla5OQ00w,Estudo de implantação do novo campus da UFSCar é processo coletivo,"Feb 10, 2025",261,174,5.0631,4,0:01:44,3473,2.48
qE-mB6AZ5Sw,Îandê YBY (Somos a Terra) e Não Donos Dela - Já somos um outro mundo possível,"Oct 16, 2024",5856,172,27.5508,1,0:09:36,1808,3.71
dY9_Dx0cUnw,280ª Reunião Ordinária do Conselho Universitário,"Feb 28, 2025",12527,171,51.3553,1,0:18:01,1805,4.6
9xOFk9ZwE6o,Por que e como publicar um livro científico por uma editora internacional?,"Jan 8, 2024",60,170,1.6715,1,0:00:37,2564,2.11
5BVG96f2NC0,Idiomas sem Fronteiras - Inglês,"Mar 29, 2023",246,169,3.7625,0,0:01:20,481,6.24
ij2HkwojsEA,Quero saber - Quais os efeitos da transfobia na vida das pessoas e na sociedade?,"Nov 28, 2023",254,166,4.594,1,0:01:39,1174,2.56
UK48UEZRWzw,VOCÊ NA UFSCAR – CONHEÇA OS CURSOS DA FEDERAL,"Apr 28, 2023",80,163,2.0716,0,0:00:45,2056,5.45
gxPlezKh4-k,Feira de Oportunidades 24 - Da UFSCar à Liderança na Amdocs: Inspire-se com essa Jornada de Sucesso!,"Nov 6, 2024",7674,163,33.5763,1,0:12:21,3936,1.47
PB9g2ClDFDY,Idiomas Sem Fronteiras oferece cursos online para comunidade da UFSCar,"Feb 13, 2023",354,162,5.522,0,0:02:02,388,4.12
7gD8z-tutRI,279ª Reunião Ordinária do Conselho Universitário,"Dec 6, 2024",13223,160,63.1857,0,0:23:41,1760,5.4
Om4ajW2eXvM,116ª Reunião Ordinária do CoG,"Apr 8, 2025",12891,160,58.7186,0,0:22:01,6785,1.49
P66IYgBYDNA,Sob o pôr do Sol - Vídeo 3,"Aug 5, 2024",501,158,6.0502,-2,0:02:17,4721,0.93
G3KKorcnJxs,Reunião extraordinária do ConsUni,"Nov 22, 2024",11832,155,46.917,0,0:18:09,3376,3.08
KF1vO3_c3HE,21ª Edição da Feira de Oportunidades mobiliza 3 mil pessoas,"Nov 21, 2024",317,154,2.4624,0,0:00:57,3740,0.59
JGBkUx_qmWo,Boletim de Oportunidades – 3ª Chamada do Proeduca - Denise Silva Vilela,"Oct 24, 2024",213,153,2.7436,1,0:01:04,3011,0.8
_gneMmnLKqc,114ª Reunião Ordinária do Conselho de Graduação,"Dec 11, 2024",6097,152,11.8714,0,0:04:41,2853,2.66
e3n_mf5bY5s,Quero saber – Idade é documento?,"Dec 18, 2023",909,152,1.9903,2,0:00:47,432,0
yrjJGBco2iE,Reunião Extraordinária do ConsUni,"May 30, 2025",11109,152,64.0304,1,0:25:16,1671,5.15
QvFY9HJorxM,Quero saber - Existem evidências científicas sobre a eficácia das PICs incluídas no SUS?,"Nov 13, 2023",328,151,6.0578,3,0:02:24,405,5.93
8oiWAozwyP4,Palestra –  Reconhecimento de saberes e reexistência epistemológica  transformar a universidade,"Sep 20, 2024",7574,149,34.7903,0,0:14:00,3490,1.2
Bj4lOFlChKg,Reunião do Colégio  Eleitoral,"Oct 26, 2024",3096,148,11.1319,-1,0:04:30,2755,3.88
pHoKByFDudw,Quero saber - O que é e como prevenir a Doença Pulmonar Obstrutiva Crônica?,"Nov 20, 2023",60,148,1.6508,1,0:00:42,3266,1.01
Gt5Dqaqe4QA,#16 – Estudos apontam os benefícios de sensores e biossensores eletroquímicos para detecção de doenç,"Feb 15, 2022",1132,147,9.8922,2,0:04:02,1893,3.75
SSMMBsFF_T4,"IMPORTÂNCIA DOS FEMINISMOS PARA A CONSTRUÇÃO DA JUSTIÇA SOCIAL, NO COTIDIANO DAS MULHERES","Mar 12, 2025",7082,147,36.9879,14,0:15:05,3903,1.02
dE5D4QO2j08,Formatura Campus São Carlos - CCBS I - 27/05/2024,,168,147,2.7446,0,0:01:07,12,0
9KlVPNC2MLw,Live lançamento capacitação 4.0 - 2024,"Oct 19, 2024",2387,143,14.5708,2,0:06:06,3769,1.3
sBY7m4lj7SA,"Quero saber – O que aconteceu com o clima no Brasil, nos últimos 60 anos?","Dec 4, 2023",346,142,1.9148,0,0:00:48,343,0.58
BZlhhXma2bY,Diálogos Avançados - De Que Falamos Quando Falamos de Antropoceno,"Oct 17, 2024",6665,140,33.1947,6,0:14:13,4236,1.72
C8NJv-nM7ms,Boletim de Oportunidades - Fábrica de Ideias,"Oct 23, 2024",69,138,1.2708,2,0:00:33,1709,1.17
snzlhfQm1_g,Boletim de Oportunidades-Egresso da UFSCar fala sobre a importância do PIPE-Fapesp para sua empresa,"Jan 22, 2025",166,138,2.5634,1,0:01:06,2401,1.42
wQdba9wdQ0c,Diálogos Avançados - Abertura - As Ciências Diante do Antropoceno,"Oct 16, 2024",2711,138,10.255,7,0:04:27,2578,2.52
FxSfkYaUo6o,Quero saber - Como combater o etarismo?,"Dec 18, 2023",144,136,2.9562,0,0:01:18,1183,6
BmlNFL9kzzI,VOCÊ NA UFSCAR –  CONHEÇA O SiSU,"Apr 28, 2023",93,133,2.2338,0,0:01:00,827,5.08
0KzVK-dcZe8,21ª Reunião Ordinária do CoGePe - Conselho de Gestão de Pessoas,"Apr 2, 2025",3494,129,33.8473,1,0:15:44,1046,4.21
Lr6VqPNI6ek,72ª Reunião Ordinária do Conselho de Administração,"Nov 8, 2024",10058,129,30.1295,0,0:14:00,5042,1.43
irgAOg783VU,CORPOREIDADES DISSIDENTES NA UNIVERSIDADE EM TEMPOS DE REAFIRMAÇÃO DA DEMOCRACIA,"Mar 13, 2025",6569,129,39.2584,3,0:18:15,2247,2.05
bVbygNPPRDA,Plataforma Alumni - Rede social criada para fortalecer a comunidade UFSCar completa um ano,"Jul 3, 2024",143,125,1.7359,1,0:00:49,2283,0.92
t3lLTJafTus,20ª Reunião Ordinária do Conselho de Gestão de Pessoas,"Feb 4, 2025",7567,125,50.1562,0,0:24:04,1619,5.31
5j_yi2yq-Ss,Monitoramento da biodiversidade na Amazônia reúne cientistas e população que vive da Floresta,"Jan 24, 2025",477,123,4.5172,2,0:02:12,8398,0.65
U59NVJsiCXY,Encontro Internacional de Ciência Política Computacional,"Sep 4, 2024",225,123,1.641,0,0:00:48,6045,0.86
b7MY2ibHIIk,Transfobia não cabe na UFSCar,"Nov 29, 2023",131,122,2.356,1,0:01:09,1409,1.49
zEG1735N9jQ,Fazenda Produtiva - UFSCar Lagoa do Sino,"Aug 28, 2020",166,121,2.4175,1,0:01:11,835,9.34
82KunxMZLcw,Professora Arlene Corrêa fala sobre o PITE-Fapesp,"Oct 23, 2024",198,120,2.2433,1,0:01:07,2949,1.56
LNVxwyhsp70,Debate em 28/5 abordará inclusão epistemológica e Ciência antirracista,"May 28, 2025",12164,120,27.2741,4,0:13:38,2224,2.83
zPpM_2Wcf20,Lançamento do livro de 30 anos da EdUFSCar,"Apr 24, 2025",6317,120,23.813,0,0:11:54,2948,2.75
ROC1mL5I8LQ,Formatura Campus São Carlos - CCBS III - 27/05/2024,,156,119,2.3188,0,0:01:10,0,
pm0rWL6FRg4,Quero saber - Halloween ou Dia do Saci?,"Oct 30, 2023",962,115,5.4301,1,0:02:49,663,5.88
QlV_u8bHsCI,UFSCar conta Sua História - Elisabeth Márcia Martucci,"Mar 13, 2025",2671,113,13.3853,0,0:07:06,1633,2.94
bgvkCk138SU,Quero saber - Como combater a transfobia?,"Nov 27, 2023",179,113,2.6379,1,0:01:24,2090,3.54
RqM5TiuJIC8,Boletim de Oportunidades - Edital ProEx de Atividades Culturais 2025,"Dec 17, 2024",102,112,1.3849,0,0:00:46,2146,1.3
anazpZE4LYo,Eleição para discentes no CoG - Apuração,"Aug 9, 2024",466,111,2.4776,-1,0:01:20,2872,0.91
asQr2BNYMPI,Diálogos Avançados - Biodiversidade Morte e Vida das Espécies,"Oct 17, 2024",5597,111,10.0774,3,0:05:26,3182,2.17
gHYhnomKTpI,112ª Reunião Ordinária do CoG,"Aug 20, 2024",11983,109,12.6559,0,0:06:57,2425,2.39
t_zAtGjTNew,271ª Reunião Ordinária do ConsUni | UFSCar,"Jun 30, 2023",11785,109,5.7083,0,0:03:08,340,8.82
3kdtCubg-OI,"Reitora, Ana Beatriz de Oliveira, participa de evento na Câmara Municipal de Sorocaba","Apr 27, 2023",33,107,0.4752,2,0:00:16,4461,1.28
QMEpacsELG8,Diálogos Avançados - Vida e Energia,"Oct 18, 2024",6081,106,18.4439,1,0:10:26,6068,1.04
QnbZuD2gjK8,Quero Saber- Dia de Finados e Dia de los Muertos: o que colonizadores e a Igreja Católica tem a ver?,"Oct 30, 2023",265,105,1.9195,0,0:01:05,374,1.6
V5RSgPyWhFY,"Conexão Federal: Futebóis, diversidade e inclusão, com Osmar Moreira de Souza Júnior","Dec 11, 2023",4032,105,6.0475,3,0:03:28,582,2.58
Z4Y_tN88Tu8,"Quero saber - De Dubai a Belém, via Azerbaijão: o que decidem as COPs?","Jan 22, 2024",862,105,11.1806,0,0:06:23,686,1.46
03ig9-t4oy0,19ª Reunião Ordinária do Conselho de Gestão de Pessoas (CoGePe) da UFSCar,"Nov 13, 2024",6272,104,40.3769,1,0:23:17,1022,6.46
PmNosIFNE40,VOCÊ NA UFSCAR – QUAIS SÃO AS NOTAS DE CORTE?,"Apr 28, 2023",67,103,1.0245,0,0:00:35,791,9.48
Z5YP8mRLMaw,UFSCar conta Sua História - Carlos Eduardo Santa Maria,"Mar 13, 2025",3245,99,12.7171,2,0:07:42,1163,2.84
Eflw-ejOqRM,Hino Nacional Libras,"Jul 5, 2023",303,98,3.396,2,0:02:04,1078,3.25
kxAD8A4CDnI,162a Reunião Ordinária do Conselho de Pós-Graduação da UFSCar,"Apr 30, 2025",8424,98,16.5005,-1,0:10:06,3739,1.82
L9WLzrVpYHs,278ª Reunião Ordinária do ConsUni,"Oct 18, 2024",14314,97,21.4531,0,0:13:16,3030,1.95
n3pd9yoFsDs,73ª Reunião Ordinária do Conselho de Administração - CoAd,"Mar 28, 2025",7640,97,21.8753,0,0:13:31,2193,2.42
I4mkjoOYLyw,"Aula Magna da UFSCar com o Ministro dos Direitos Humanos e da Cidadania, Silvio Almeida","Oct 6, 2023",6869,95,12.7657,0,0:08:03,802,6.23
qopf2DCZuQI,Max and his friends in: Discovering the Sea - Episode 2 – Plastic on its way to the sea,"May 8, 2024",906,95,6.1841,0,0:03:54,1571,1.85
8MVb8eHfIGo,Reunião Conselho de Ações Afirmativas Diversidade e Equidade (CAADE),"Sep 12, 2024",7208,94,16.204,1,0:10:20,4141,0.92
i1478WCuC34,Presença indígena na UFSCar: 15 anos de história,"Nov 28, 2023",681,93,4.6119,1,0:02:58,1222,2.86
udJNbMTgZUk,UFSCar conta Sua historia - Cláudia de Moraes Barros Ramalho,"Mar 26, 2025",1469,93,3.3889,1,0:02:11,3375,1.3
GhpRX_nGJME,Hedging Language: A proxy of Deception in public discourse,"Aug 30, 2024",7527,92,9.2517,3,0:06:02,2455,1.43
iYaWPwXuHYk,"Discriminação não cabe na UFSCar! Aprenda, ensine: violência é crime!","Oct 9, 2023",88,92,0.8852,0,0:00:34,422,3.32
wTHsNg8Vmx4,"Quero Saber: Afinal, é possível alcançar um equilíbrio entre desenvolvimento e sustentabilidade?","Feb 26, 2024",457,92,2.7021,0,0:01:45,1091,2.66
47a2E0TsZ_s,Feira do Livro EdUFSCar - Desbravando uma teoria incógnita: Debate sobre a educação soviética,"Oct 5, 2021",6726,91,14.9839,2,0:09:52,272,2.94
4g9nD1TUqNc,Inspirando Novas Gerações: O Papel da Educação na Construção de um Futuro Mais Justo,"Nov 7, 2024",5568,91,16.9233,1,0:11:09,1695,3.95
o5qLTL246gk,27 anos da Biblioteca Comunitária da UFSCar,"Aug 16, 2022",367,91,2.4474,1,0:01:36,422,8.77
vJd4ToKlLpE,79ª Reunião Ordinária do CoACE,"Dec 3, 2024",8127,91,10.1291,1,0:06:40,1980,2.12
 -gfDx2OuB9g,EMBRAPII E INOVAÇÃO NA UFSCar: O que é? Como fazer?,"Sep 18, 2023",59,90,0.7957,0,0:00:32,2083,1.78
5slgAXD9Ayk,Quero saber - Genética da Conservação: o que é e para que serve?,"Nov 6, 2023",60,90,0.6974,0,0:00:32,2505,1.2
AIDeSoHnV8Y,2ª Sessão da 113ª Reunião Ordinária do Conselho de Graduação,"Oct 23, 2024",8265,90,17.6925,0,0:11:47,1620,3.46
N_fEKBy8i7A,Reunião extraordinária do Conselho Universitário,"Sep 14, 2024",1659,90,7.7066,0,0:05:08,1456,4.26
T8Sp1ed5GJc,Físico brasileiro comenta Nobel para a Mecânica Quântica,"Oct 5, 2022",1295,90,6.9991,2,0:04:39,320,5
nHrTp-8Rsas,"Quero saber - Acupuntura, fitoterápicos, aromaterapia: a que - e quem - servem as PICs no SUS?","Nov 13, 2023",59,90,0.9604,1,0:00:44,1955,1.59
UmWpeTILy0Q,Quero saber - Linguagem neutra é luta por direitos ou ataque à Língua Portuguesa?,"Dec 12, 2023",1478,89,7.2604,0,0:04:53,738,3.52
hI7NB4f9cNw,Quero saber - O que é a região Neotropical?,"Nov 6, 2023",199,89,3.0524,1,0:02:03,488,5.33
D9p7zzL6dPs,"Max and his friends in: Discovering the Sea - Episode 3 – Hot wind, cold rain","May 8, 2024",750,88,6.3074,1,0:04:18,1208,1.9
t1KZ55K6HVI,156ª Reunião Ordinária do Conselho de Extensão,"Dec 5, 2024",11396,88,12.0565,0,0:08:13,2779,1.44
0-i4AsIq3HM,2ª Sessão da 112ª Reunião Ordinária do CoG,"Aug 27, 2024",6707,87,16.3977,0,0:11:18,5472,1.08
5P6YCtv8ZFc,Teaser Formaturas Sorocaba 2024 - 17/07,,46,87,0.8089,0,0:00:33,5,0
k18TuI93wHw,"Luiz Antonio Pessan, professor da UFSCar, é o novo diretor de Programas e Bolsas no País da CAPES","Jun 12, 2024",360,87,1.4293,0,0:00:59,3662,0.98
4oLYFhhuHG0,Formatura Campus Lagoa do Sino - 29/06/2024,,287,84,2.3029,3,0:01:38,10,0
VdN20gI6N84,"TBT Aula Magna da UFSCar com o Ministro dos Direitos Humanos e da Cidadania, Silvio Almeida","Mar 12, 2024",45,84,0.427,0,0:00:18,4276,1.17
3w8nV5m84tE,Trilhas da Inovação - Ep.1 - Primeiros passos para registrar uma patente,"Oct 11, 2023",349,83,2.2682,0,0:01:38,414,3.62
bswJK5MmtYw,UFSCar de Todos os Povos - Etnia Atikum,"Mar 13, 2023",172,83,1.8399,2,0:01:19,276,3.62
KhBOZ7HebvI,18a. Reunião Ordinária CoGePe,"Aug 7, 2024",5676,82,13.954,1,0:10:12,2429,1.77
s9PYH9UGSck,UFSCar conta Sua História - Luciana Pankararu,"Mar 13, 2025",3187,82,8.3754,2,0:06:07,2195,2.05
GyggyD7TgN0,Idiomas sem Fronteiras - Espanhol,"Apr 5, 2023",164,81,1.6927,0,0:01:15,228,4.82
C2udT4m7vIQ,78ª Reunião Ordinária CoACE,"Oct 22, 2024",7813,80,7.6496,0,0:05:44,2968,0.98
nOqQmp5k-Ic,“Ciência em Movimento” – cientistas da UFSCar e da USP divulgam suas pesquisas no transporte público,"Jun 13, 2024",457,80,1.3157,0,0:00:59,3961,0.91
Ze-23QvHNEo,UFSCar na Área,"Jan 23, 2024",1337,79,2.6199,0,0:01:59,1596,2.26
pN8ZfMTDfFg,Quero Saber – Desenvolvimento sustentável: solução ou falácia?,"Feb 24, 2024",60,79,0.963,2,0:00:44,3282,0.73
_Ge2oEw_kv0,Parcerias entre Universidade e Empresas resultam em Inovações para a sociedade,"May 16, 2023",385,78,2.6148,0,0:02:00,177,3.39
uQ5HDVWmt2o,Pesquisa da UFSCar vence Prêmio Capes de Tese,"Sep 5, 2023",46,78,0.4522,0,0:00:20,216,3.24
kvvta2OGWu4,113ª Reunião Ordinária do Conselho de Graduação,"Oct 22, 2024",11250,76,18.2752,1,0:14:25,2418,2.03
sw-QecZ_omk,80ª Reunião Ordinária do CoACE,"Apr 1, 2025",9492,76,21.4311,2,0:16:55,4623,0.87
uVb1KoDVHpE,Quero saber - Por que precisamos de profissionais de Gestão Ambiental?,"Feb 5, 2024",260,76,1.9575,0,0:01:32,986,2.33
1jT4G5lDOhc,77ª Reunião Ordinária do CoACE,"Aug 21, 2024",5860,75,8.6056,0,0:06:53,4448,1.1
jdUhRfZGPSY,"Diálogos Avançados - Urbanização Planetária, Ecologias e Desigualdades","Oct 18, 2024",7361,75,14.9348,1,0:11:56,4426,1.02
AwVEXypoZEU,Boletim de Oportunidades – 3ª Chamada do Proeduca - Profa Tathiane Milaré,"Nov 21, 2024",128,74,0.7362,0,0:00:35,1217,1.07
GUkVch71ko0,Capacitismo não cabe na UFSCar,"Dec 20, 2023",128,74,1.2892,0,0:01:02,1712,2.04
ZahgtoITwaE,Retorno total das atividades presenciais na UFSCar,"Jun 1, 2022",328,73,1.9763,2,0:01:37,1258,5.33
cPbfr8YLJ1c,Reunião Extraordinária do Conselho Universitário,"Sep 20, 2024",10020,73,18.6364,0,0:15:19,1915,2.19
rYOghoef0J0,EMBRAPII E INOVAÇÃO NA UFSCar: O que é? Como fazer?,"Sep 18, 2023",388,73,3.4408,1,0:02:49,959,3.13
1kjHmzvfUjk,Alumni UFSCar - Como postar ou encontrar eventos,,108,70,0.4348,0,0:00:22,0,
KehacQTw1ss,Quero saber - Por que e como publicar um livro científico por uma editora internacional?,"Jan 8, 2024",817,70,3.6293,1,0:03:06,468,2.99
rDsryzPEaTs,Quero saber - Como a medicina define a Síndrome de Burnout?,"Mar 4, 2024",161,70,1.3645,2,0:01:10,1505,1.73
4ryrDcKfnnQ,Programa Capes/Brafitec apoia intercâmbio de estudantes de graduação entre Brasil e França,"Sep 5, 2023",85,69,0.9375,0,0:00:48,685,5.55
GxtKHttUPw0,115ª Reunião Ordinária do CoG,"Feb 26, 2025",7183,69,12.5634,0,0:10:55,1830,2.62
Uy-P3iu1vwI,Boletim de Oportunidades - SBPC abre inscrições para o Prêmio Carolina Bori,"Oct 10, 2024",68,69,0.6859,0,0:00:35,1307,1.07
hWo5IGSqG-I,Trilhas da Inovação - Ep.6 – Desenho industrial,"Oct 11, 2023",370,68,1.9879,0,0:01:45,360,3.06
9N2Ne39uG0c,Quero saber – O que é voyeurismo e o que isso tem a ver com reality shows?,"Jan 29, 2024",822,66,3.1562,1,0:02:52,1399,2.14
MjBmHzPdYD4,Formatura Campus São Carlos - CCET III - 28/05/2024,,139,66,1.1359,0,0:01:01,6,0
nkfWsVtm3x4,Próxima Gestão: Reitora e Vice-Reitora são indicadas pelo Colégio Eleitoral,"Nov 7, 2024",653,66,2.5625,1,0:02:19,3030,0.59
QlpxUUlEZb0,Quero saber - Desenvolvimento sustentável: solução ou falácia? (Série Clima – Episódio 2),"Feb 26, 2024",1204,65,3.6968,0,0:03:24,1052,1.9
RL-3HMiw3ek,UFSCar planta 9 mil mudas nativas em área de reserva legal no Campus São Carlos,"Mar 12, 2024",50,65,0.311,0,0:00:19,3522,0.8
bxIXWwh8yXg,"Fala, cientista! - Pesquisas Eleitorais - 04/12","Sep 9, 2022",97,65,0.8855,2,0:00:49,1623,3.57
n6PtBXpwoE0,UFSCar inaugura complexo de laboratórios,"Sep 25, 2020",220,65,0.996,1,0:00:55,423,7.57
-7LoFkgVpcE,Na Pauta #55,"May 3, 2022",3262,64,2.6472,0,0:02:28,48,4.17
h02qvOskO-0,71ª Reunião Ordinária do Conselho de Administração,"Sep 14, 2024",2899,64,9.6454,0,0:09:02,1523,1.9
GK458G8wKdY,Formatura Campus São Carlos - CECH I - 29/05/2024,,211,63,1.1817,0,0:01:07,6,0
Hoc3amU79YY,81ª Reunião Ordinária do CoACE,"May 27, 2025",10043,63,12.8268,0,0:12:12,1209,2.4
IND26AxpBVs,Boletim de Oportunidades - Oportunidades em Um Minuto #2,"Oct 29, 2024",142,63,0.7842,0,0:00:44,1373,1.38
QXK86zlpw-I,Edital ProGrad Nº 20 de 8 de janeiro de 2024 traduzido em Língua Brasileira de Sinais,"Jan 31, 2024",11873,63,0.5428,0,0:00:31,495,2.02
VPx-sqhdjSo,VOCÊ NA UFSCAR -  TEM RESERVA DE VAGAS?,"Apr 28, 2023",126,63,1.2361,0,0:01:10,399,5.51
fEzpnMyhRYg,"Alumni UFSCar: Ângelo Fernando Padilha, formado em Engenharia de Materiais na UFSCar","Aug 11, 2023",85,63,0.9715,0,0:00:55,823,5.35
-345oo7B1uA,157ª Reunião Ordinária do Conselho de Extensão (CoEx) da UFSCa,"Jan 24, 2025",3062,62,4.8051,1,0:04:39,1219,3.28
DQy6aD6v4hs,Conselhos Superiores - Constituição das urnas,"Nov 13, 2024",2746,62,3.8953,0,0:03:46,1060,1.13
d3EgsjUl-Ls,Depoimento Ângela Lopes - Transformação,"Jan 20, 2023",407,62,1.7051,1,0:01:39,134,11.19
hWjB2hc0SDA,Idiomas sem Fronteiras - Português para Estrangeiros,"Apr 11, 2023",195,62,1.3031,2,0:01:15,367,2.18
LMVzkIcC36A,Formatura Campus São Carlos - CCET II - 28/05/2024,,243,61,1.1961,0,0:01:10,9,11.11
yN3athOdtho,Quero saber – Qual o caminho da felicidade?,"Feb 12, 2024",703,61,3.6108,1,0:03:33,903,1
 -gLhfkW3EgE,Quero saber – Qual o caminho da felicidade?,"Feb 12, 2024",52,60,0.3682,1,0:00:22,2766,0.51
kXMSkR8t-K8,Calourada 2023,"May 8, 2023",198,60,0.5387,0,0:00:32,503,9.34
pvHrVyyJd_8,Já está disponível o aplicativo Alumni UFSCar #shorts,"Aug 11, 2023",59,60,0.4207,1,0:00:28,438,0.23
FD3-uZRTnhI,TBT 2ª Feira da Visibilidade Trans e Travesti na UFSCar,"Mar 12, 2024",91,59,0.4227,0,0:00:25,718,1.53
p-xdZJHLQ-Y,Quero saber - Como a Ciência pode chegar às empresas brasileiras?,"Sep 11, 2023",60,59,0.2987,0,0:00:19,952,0.74
9jd1WT8rMZI,161ª Reunião Ordinária do conselho de Pós-Graduação da UFSCar,"Feb 26, 2025",10578,58,6.8052,0,0:07:02,1745,1.72
QSa7z6wxAVs,Alumni UFSCar! Já entrou nessa? #shorts,"Jul 26, 2023",59,58,0.254,0,0:00:17,1717,1.28
TsqMCcWpdhQ,Quero saber - Como e quando surgiu o ecoturismo?,"Jan 16, 2024",292,58,2.6503,1,0:02:44,537,4.66
 -ig841hw33A,UFSCar de Todos os Povos - Filippo Ghiglieno,"May 18, 2023",230,57,1.7325,0,0:01:49,222,5.86
FT64eZbnXRU,Tutorial - Como participar do Guardiões da Saúde,"Oct 6, 2021",238,57,0.8579,1,0:00:54,397,4.53
5osbUZTM7DU,Formatura Campus São Carlos - CCET I - 28/05/2024,,103,56,0.5618,0,0:00:36,6,16.67
J0lmC6uq6XU,110ª Reunião Ordinária d Conselho de Graduação | CoG UFSCar,"Jan 23, 2024",11920,56,1.3901,1,0:01:29,300,8
O5rFpvuvnq4,UFSCar participa da Operação São Paulo Sem Fogo,"May 7, 2024",142,56,0.4114,0,0:00:26,1953,0.97
ppOfjVFkjdU,Biblioteca do Campus Lagoa do Sino ganha acervo de Raduan Nassar,"Jun 21, 2022",237,56,1.8455,1,0:01:58,1090,4.31
o3I_tWcea7s,Formatura Campus São Carlos - CECH III - 29/05/2024,,114,55,0.3971,0,0:00:25,6,0
iF5PG-AquvE,Reunião Extraordinária do Conselho Universitário,"Aug 10, 2024",5500,54,6.9413,0,0:07:42,1587,1.95
Sl05a82TJCs,Boletim de Oportunidades - Oportunidades em Um Minuto #3,"Nov 12, 2024",111,53,0.3271,0,0:00:23,1356,1.03
b-_H1eEIiXM,Max e sus amigos - Descobriendo el mar: Episodio 1 - El mar que respiramos,"Oct 24, 2023",755,53,1.1594,0,0:01:18,1068,1.87
hAIn8ICnXrs,Quero saber - Como é a trajetória do Brasil nos Jogos Paralímpicos?,"Sep 25, 2023",297,53,2.1411,0,0:02:25,271,0.37
4kFi6UBOVns,Daiane Aparecida Zuanetti,"Feb 6, 2023",207,52,0.6869,0,0:00:47,243,7.41
F1iCyuPovx8,Alumni UFSCar - Conheça a nova página inicial,"May 6, 2024",92,52,0.5493,2,0:00:38,969,1.24
Hv3ZfUwt9q0,News - Boletim de Oportunidades #7,"Feb 11, 2025",117,52,0.9368,0,0:01:04,1355,2.51
UXzyu5vgHu0,#2 - Estudo analisa o impacto do fogo nos diferentes ecossistemas brasileiros,"Feb 15, 2022",1447,52,5.0636,1,0:05:50,344,7.27
u9H8o2l2Dx4,Conheça o Núcleo de Pesquisa e Desenvolvimento em Tecnologia Assistiva do Campus Sorocaba da UFSCar,"Aug 2, 2022",309,52,1.1202,1,0:01:17,121,3.31
LRvzMeXgjf8,Quero saber - BBB - Que poder de mobilização é esse?,"Jan 29, 2024",177,51,0.3426,0,0:00:24,540,0.56
C2LAkLzhY-Q,Anaí Floriano Vasconcelos,"Feb 8, 2023",210,50,1.1732,0,0:01:24,127,1.57
wXqHnrntl0o,HU-UFSCar inaugura 29 leitos de enfermaria e dez de UTI Pediátrica,"May 30, 2023",269,50,1.4317,1,0:01:43,310,3.55
PutyTxr2R6A,Quero saber – De onde surge e como se perpetua o machismo?,"Oct 9, 2023",60,49,0.453,1,0:00:43,1592,1.07
TDxU5mP7EDw,Grupos da UFSCar é selecionado para apresentação sobre ciência em evento internacional,"Mar 16, 2023",340,49,2.042,2,0:02:30,137,1.46
WI9MDrZCUmE,Teaser Formaturas UFSCar Araras 2024 - 31/08,,74,49,0.6928,0,0:00:50,11,0
ZksSxDCAmyc,Depoimento Fernanda Marciano – Transformação,"Feb 3, 2023",292,49,1.1134,1,0:01:21,304,1.97
hjBtPLtLi3w,"Alumni UFSCar: Edinaldo dos Santos Rodrigues, formado em Psicologia pela UFSCar.","Aug 11, 2023",241,49,0.917,1,0:01:07,338,3.55
7Fi_QkcW2c8,UFSCar retoma realização presencial da colação de grau,"Feb 9, 2023",216,47,0.9805,0,0:01:15,420,5
5nLZL6w3ru0,Max y sus amigos en: Descubriendo el Mar - Episodio 2 – Plástico camino al mar,"May 8, 2024",906,46,1.6565,0,0:02:09,1467,1.23
J_61nECp14I,159ª Reunião Ordinária do Conselho de Extensão,"Apr 11, 2025",4762,46,5.2108,1,0:06:47,2991,0.97
y8u79IUH3Ts,Quero saber - A ciência já descobriu a fórmula da felicidade?,"Feb 12, 2024",188,46,1.2318,2,0:01:36,703,1.71
AtXzDJkx1vY,Depoimento Nicholas Baladore - Transformação,"Jul 31, 2023",337,45,1.4064,0,0:01:52,225,5.33
DwYbQ1bWbno,Alumni UFSCar - Como usar o Diretório das Pessoas,,144,45,0.2878,0,0:00:23,0,
GoYVi-5sZKY,"Boletim de Oportunidades - Capes abre inscrições para a Cátedra Rio Branco, no King's College London","Oct 15, 2024",70,45,0.3493,0,0:00:27,777,1.8
NRE3C8Ev1PM,"Marcus Vinicius Batista Nascimento, novo secretário da SAADE fala sobre  antirracismo da UFSCar","Jul 4, 2023",170,45,0.7105,2,0:00:56,249,1.2
WzpEJ044pGo,"Quero saber - A população está envelhecendo, e agora?","Dec 18, 2023",385,45,1.6549,0,0:02:12,388,0.26
bqEYths04cE,Quero saber - Mas eu ainda estou no começo da minha carreira na Ciência! Já posso publicar um livro?,"Jan 8, 2024",331,45,0.4726,0,0:00:37,530,1.51
z89xJ9Zf10U,A homofobia não cabe na UFSCar,"Feb 28, 2024",106,45,0.5784,0,0:00:46,2064,1.16
6llHCoIUJ24,Quero saber - Fitoterápicos funcionam? Quais são vantagens e desvantagens?,"Nov 13, 2023",304,44,1.5647,0,0:02:08,221,3.62
UlRnIsE80MA,Conservação e uso sustentável da água,"Feb 7, 2022",5544,44,6.6373,0,0:09:03,265,5.28
h21bsHaw55U,Quero saber - O ecoturismo é um modo diferente de fazer turismo?,"Jan 16, 2024",189,44,1.3792,0,0:01:52,412,0.73
0Vgftt0QB7Q,Quero saber - Quem decide qual paciente recebe um coração disponível para transplante?,"Sep 4, 2023",60,43,0.3069,0,0:00:35,1148,1.05
1XrO3QS8iUk,160ª Reunião Ordinária do CoEx,"May 16, 2025",4011,43,2.967,0,0:04:08,1701,1.41
7PlEf6hogHw,Formatura Campus Araras - CCA - 31/08/2024,,356,43,0.7588,0,0:01:03,6,0
nAB93TLk55M,Trilhas da Inovação - Ep.4 – Licenciamento de tecnologias,"Oct 11, 2023",398,43,1.5223,0,0:02:07,333,6.61
yJ3__PxOlK8,Programa de Assistência Estudantil da UFSCar: o processo de ingresso e as perspectivas futuras,"Mar 21, 2022",5411,43,3.8686,1,0:05:23,322,9.32
DKCLod14dEw,Os estudantes da UFSCar precisam da sua ajuda!,"Jun 9, 2022",303,42,0.9824,0,0:01:24,617,4.54
TQdRv2PVBmc,Formatura Campus São Carlos - CECH II - 29/05/2024,,173,42,0.6742,0,0:00:57,12,8.33
rfG3Jv8w_Ho,UFSCar promove 1ª Feira da Visibilidade Trans e Travesti,"Feb 16, 2023",266,42,0.5525,0,0:00:47,2035,0.84
WomY2bsvF3M,30º Congresso de Iniciação Científica - UFSCar,"Nov 12, 2024",715,41,0.8986,0,0:01:18,574,3.83
r-4x2BxIp0o,Reunião do Conselho de Administração (CoAd),"May 6, 2022",8592,41,2.3005,0,0:03:21,62,11.29
xkk3Tw5Co-I,"Alumni UFSCar: Rieli Tomaz da Silva, estudante do curso de Engenharia Agronômica da UFSCar","Aug 11, 2023",185,41,0.8838,0,0:01:17,365,8.49
DHSaMk1mZek,"Ana Beatriz de Oliveira, Reitora da UFSCar, fala sobre os seis meses do lançamento do portal Alumni","Jan 24, 2024",261,40,0.6849,1,0:01:01,462,2.16
I5HJSNox3Eg,Boletim de Oportunidades - Oportunidades em Um Minuto #1,"Oct 15, 2024",104,40,0.4358,0,0:00:39,1098,1.55
PbtwMw5ItKc,Conexão Federal - Dor Crônica: Mariana Avila,"Sep 25, 2023",3839,40,1.1723,0,0:01:45,390,1.79
awtk_emaEDE,Quero saber – Como combater as práticas e cuidar das pessoas?,"Oct 16, 2023",219,40,0.3775,0,0:00:33,211,1.42
95zJGdA2Oz0,Depoimento Jéssica Athos - Transformação,"Jan 29, 2024",373,39,1.114,0,0:01:42,513,3.31
Ru7Ns3s5Kdg,Cerimônia de entrega do título de Doutor Honoris Causa a Raduan Nassar,"Jul 2, 2021",6767,39,5.9088,0,0:09:05,385,5.97
rKzS3y8XGyY,UFSCar realiza Feira de Oportunidades,"Jul 4, 2023",269,39,1.341,0,0:02:03,593,3.88
wqst9LYubLw,Cerimônia de Posse: Nova Equipe de Gestão UFSCar,"Feb 5, 2021",8809,39,2.8703,0,0:04:24,132,16.67
OYds4_-SZIA,UFSCar de Todos os Povos - Lejzer Castro,"Aug 11, 2023",155,38,0.7315,0,0:01:09,239,5.44
WG5sLwrrRJE,IV SIMPOSIO DE PESQUISA EM JUVENTUDE NO BRASIL - Abertura,"Apr 10, 2024",7019,38,6.8825,0,0:10:52,461,3.69
e_3dQa2R2Fk,Ricardo Cerri,"Jan 25, 2023",393,38,0.9367,0,0:01:28,117,6.84
pMQ9sbDT3YY,ProAd Descomplica | 1º Encontro,"Nov 21, 2023",12574,38,0.3375,0,0:00:31,115,1.74
7jg1eKQ5E1U,Formatura Campus São Carlos - CCBS II - 27/05/2024,,126,37,0.3357,0,0:00:32,10,0
BPOkM1MvuJM,Quero saber – Assédio: quais as faces desse mal?,"Oct 16, 2023",60,37,0.4167,0,0:00:41,1227,0.49
K93xYrztyGA,T2 #2 - Diferença entre mão direita e mão esquerda e a busca de vacinas mais eficazes,"Feb 15, 2022",1078,37,0.4563,0,0:00:44,107,0
SbTdU9GBLPs,155ª Reunião Extraordinária do Conselho de Extensão,"Nov 7, 2024",8894,37,3.4853,0,0:05:39,1736,1.5
Uz_FgsWEtlA,"UFSCar cria variedades de alimentos e plantas, no campus Araras","Jun 6, 2023",387,37,1.3567,1,0:02:12,744,1.88
iYMB5NPgmS8,Quero saber - Nascemos predispostos à felicidade ou é possível aprender a ser feliz?,"Feb 12, 2024",178,37,0.7442,0,0:01:12,648,1.08
RNEx9mdzsrE,"Quero saber - De Dubai a Belém, via Azerbaijão: o que decidem as COPs?","Jan 22, 2024",43,36,0.1955,0,0:00:20,1203,1.25
bYKMm-7uMCU,HU-UFSCar inaugura Unidade de Pesquisa Clínicas,"Dec 4, 2023",240,36,0.8593,0,0:01:25,673,1.78
8vswTakcfr0,30º Congresso de Iniciação Científica - UFSCar - Dia 13/11,"Nov 13, 2024",241,35,0.4102,0,0:00:42,664,1.66
DfSPolW7i3A,"Max y sus amigos en: Descubriendo el Mar - Episodio 3 – Viento caliente, lluvia fría","May 8, 2024",750,35,1.3056,0,0:02:14,1326,0.98
uAdkjn0ss2k,"Quero saber: Afinal de contas, quem causa a febre maculosa?","Jul 6, 2023",886,35,1.7487,0,0:02:59,320,5.63
5SXSldGAe_M,"NIASE: 20 anos de sonhos, ciência e transformação social","Jun 27, 2022",8345,34,0.495,0,0:00:52,169,12.43
j_uFD6hAVAU,"Antes de sua estreia, Max Plâncton faz homenagem a seu padrinho Max Planck, pai da Física Quântica","Oct 4, 2023",39,34,0.1964,0,0:00:21,753,1.59
xM3YRiuAc-M,"Conexão Federal: Internacionalização, com Márcio Weber Paixão","Jan 29, 2024",3497,34,2.0927,0,0:03:41,476,0.84
1qZH5C_B5tY,270ª Reunião Ordinária  do Conselho Universitário (ConsUni),"May 12, 2023",12706,33,1.7886,0,0:03:15,190,2.63
2ghxTXQtZjA,Depoimento Alice Agnes - Transformação,"Jan 27, 2023",321,33,0.9137,1,0:01:39,193,3.11
yxn72b--McU,Eleição para discentes no CoG - Constituição das Urnas,"Aug 2, 2024",538,33,0.8725,0,0:01:35,2028,0.44
C7fog4ckgq4,Trânsito Livre UFSCar - Avance nessa direção!,"Apr 23, 2024",132,32,0.4732,0,0:00:53,2400,0.92
M2yCXvijioE,"UFSCar recebe presidente da Finep, importante parceria no desenvolvimento científico e tecnológico.","Aug 29, 2023",39,32,0.1325,0,0:00:17,1407,1
TZJHXFs9S94,14ª Reunião Extraordinária - CoGePe,"May 6, 2025",145,32,0.508,0,0:00:57,955,1.36
UJU2eHG49nk,EMBRAPII-UFSCar promove parceria entre Universidade e empresas,"Feb 23, 2023",235,32,0.7167,0,0:01:20,213,4.69
xu-l6ucO6AU,Formatura Campus Sorocaba - CCGT - 17/07/2024,,149,32,0.5507,0,0:01:01,5,0
Ngfon8881ck,Práticas inovadoras no ensino de ciências e divulgação científica junto ao público infanto-juvenil,"Oct 11, 2022",295,31,0.6457,0,0:01:14,156,6.41
_G-bzv6vny0,"Trilhas da Inovação - Ep.3 – Relatório, COEPI e INPI","Oct 11, 2023",344,31,1.0787,1,0:02:05,447,4.25
ElaAUT13VZc,E o que Desenvolvimento Sustentável tem com as negociações para enfrentar a emergência climática?,"Feb 26, 2024",388,30,0.9051,1,0:01:48,743,1.88
JlYKjhE6Z7s,"Fala, cientista! - Pesquisas Eleitorais - 05/12","Sep 9, 2022",158,30,0.746,0,0:01:29,570,4.56
atyJdRlgwGQ,Quero saber: Como prevenir a febre maculosa?,"Jul 6, 2023",241,30,0.5142,0,0:01:01,903,2.1
vbLSsj3zBBg,Depoimento Iago Costa - Transformação,"May 31, 2023",302,30,0.432,0,0:00:51,306,1.96
wIxdqYmE9cY,Quero saber - De Aristóteles até a Psicologia Positiva: Como evoluiu a noção de felicidade?,"Feb 12, 2024",137,30,0.9855,0,0:01:58,777,1.03
ykXCR7TsOuE,UFSCar de Todos os Povos - Mamadú Saliu Djaló,"Feb 24, 2023",113,30,0.4958,1,0:00:59,309,3.88
0njXjXCnZkc,Trilhas da Inovação - Ep.9 – A Agência de Inovação da UFSCar,"Oct 11, 2023",257,29,0.7505,0,0:01:33,222,3.15
2AI9f0iSQ54,2a. Conferência do ciclo “Universidade para o Futuro:  Juventudes: novos desafios do conhecimento.,"Apr 4, 2024",9843,29,1.9132,0,0:03:57,360,3.33
EGuiLEgzr18,"Conexão Federal: Internacionalização, com Márcio Weber Paixão","Jan 29, 2024",56,29,0.2579,0,0:00:33,871,0.92
MOa6v2Xh0YA,Quero saber - O ecoturismo enquanto mercado. E agora?,"Jan 16, 2024",218,29,0.8297,0,0:01:43,470,2.98
NS8y_yGVGxg,Feira do Livro EdUFSCar - Bate-papo com Gabriel Feltran,"Oct 7, 2021",3721,29,5.0209,1,0:10:23,432,3.47
ROxYgg3Nghc,Inclusão de colaboradores com deficiência nos Restaurantes Universitários da UFSCar,"Aug 25, 2022",264,29,0.6549,0,0:01:21,448,4.91
i1BXm7QpwW4,Trilhas da Inovação - Ep.7 – Cultivar,"Oct 11, 2023",353,29,1.0271,0,0:02:07,339,3.83
mV_FOXOTpWM,Trilhas da Inovação - Ep.8 – Programa de Computador,"Oct 11, 2023",384,29,0.8694,0,0:01:47,232,3.88
7b6EKLSbiFw,Conheça a Alumni UFSCar,"Aug 11, 2023",68,28,0.217,1,0:00:27,303,3.63
9-sN8ApQBiw,"Quero saber – Que calor! E, agora?","Dec 4, 2023",792,28,0.2207,0,0:00:28,479,0.84
nPsvj-aIvjQ,Laboratório da UFSCar desenvolve pesquisas sobre osteoartrite de joelho,"Feb 2, 2023",452,28,0.7102,0,0:01:31,305,3.61
pltzcYY8_6E,Construindo a Política Cultural da UFSCar,"May 3, 2024",5599,28,4.7596,0,0:10:11,517,2.13
zvrLA__yU1Y,Quero saber - Porque a gravidade do quadro de saúde de Fausto Silva levou o coração até ele?,"Sep 4, 2023",169,28,0.4236,1,0:00:54,460,1.09
5KyxJYo8V7E,274ª Reunião Ordinária do Conselho Universitário | ConsUni UFSCar,"Dec 15, 2023",11538,27,1.866,0,0:04:08,180,3.89
5jkv5uJYY0g,Quero saber - Como prevenir a doença? E qual o papel das organizações?,"Mar 4, 2024",207,27,0.4397,0,0:00:58,1438,0.83
AqctsabxE-U,O Racismo não cabe na UFSCar!,"Oct 11, 2023",94,27,0.4271,0,0:00:56,305,6.23
DQ7oeqcQobU,Roberta Cerasi Urban,"Jan 25, 2023",269,27,0.3788,1,0:00:50,60,5
L9Q4KXoat-I,Eleição de representantes do CoGePe - Constituição das Urnas,"Apr 17, 2025",993,27,1.9182,0,0:04:15,960,1.35
Qml2fRnc0Uo,Depoimento Alex Kreibich - Transformação,"Feb 27, 2023",432,27,1.4196,0,0:03:09,100,3
WgsrFmt0LcE,7a Semana dos Estudantes Indígenas da UFSCar,"Jul 14, 2022",160,27,0.5659,0,0:01:15,268,7.46
hXcYyprPfe0,Retorno às atividades presenciais na UFSCar | Neusa de Fatima Mariano - Geografia - Sorocaba,"May 2, 2022",78,27,0.1558,1,0:00:20,135,6.67
2pzE5hEribc,UFSCar de todos os povos! Wéllima Timóteo de Lima - Estudante indígena da etnia Xukuru de Ororubá,"Aug 29, 2022",77,26,0.4224,1,0:00:58,178,4.49
7vsuu26YYjY,Depoimento Victória Ayumi - Transformação,"Feb 15, 2023",254,26,0.4175,0,0:00:57,138,3.62
8HmJ2cpmFG4,Quero saber - Como os comportamentos se manifestam?,"Oct 9, 2023",288,26,0.8447,1,0:01:56,179,1.68
8Oz2n32TqU8,XIII SEGRAD/UFSCar - Abertura | Inserção Curricular da extensão nos cursos de gradua...,"May 9, 2023",7449,26,4.8676,0,0:11:13,161,5.59
P_ykCuSt3aA,Boletim de Oportunidades - Oportunidades em Um Minuto #5,"Dec 17, 2024",124,26,0.3314,0,0:00:45,1135,1.23
VZSZA0gUAng,UFSCar de todos os povos! Natalia Andrea Viana Bedoya - Professora do Dep. de Matemática da UFSCar,"Oct 6, 2022",169,26,0.4546,0,0:01:02,171,2.34
1mCh-3KRQiE,UFSCar de Todos os Povos: 5 de setembro - Dia Internacional das Mulheres Indígenas,"Sep 5, 2023",172,25,0.177,0,0:00:25,206,3.4
G5R23Q9y2jk,Conexão Federal - EdUFSCar : Oswaldo Truzzi e Wilson Alves-Bezerra,"Oct 16, 2023",4014,25,1.3925,0,0:03:20,269,5.2
I7OFUJ9ESBk,O Machismo não cabe na UFSCar!,"Oct 25, 2023",128,25,0.5073,0,0:01:13,365,3.84
J1G62ITOu34,Alumni UFSCar - Como navegar e atualizar o seu feed,,116,25,0.3108,0,0:00:44,0,
JVU9Qdpn7Ns,Quero saber - O quê explica Tarcísio decidir não usar os livros distribuídos pelo Governo Federal?,"Oct 2, 2023",365,25,0.7901,0,0:01:53,414,3.62
OrPBOgcBhIY,O papel das universidades na construção da saúde mental universitária e no fortalecimento da RAPS,"May 18, 2023",8168,25,2.9248,0,0:07:01,240,6.25
S8-jVO0iCJg,Quero saber - Quais os benefícios da prática do ecoturismo?,"Jan 16, 2024",107,25,0.3698,0,0:00:53,426,3.99
i13nCOnA1KM,Quero saber - O que é e como prevenir a Doença Pulmonar Obstrutiva Crônica?,"Nov 20, 2023",556,25,1.3335,0,0:03:12,674,2.08
0dgen1bt52o,"Conexão Federal: Futebóis, diversidade e inclusão, com Osmar Moreira de Souza Júnior","Dec 11, 2023",60,24,0.2014,0,0:00:31,987,0.61
1Qb4rok_G1I,#9 DIA INTERNACIONAL DAS MULHERES E MENINAS NA CIÊNCIA   ELISHA SILVA DE JESUS,"Feb 11, 2022",1602,24,1.2473,0,0:03:07,68,7.35
M7A1C7RfeCg,Alumni UFSCar - Como publicar ou encontrar empregos,,247,24,0.1172,0,0:00:17,0,
X_od0CCONtQ,Alumni UFSCar - Como criar/ gerenciar Grupos - Comunidades,,419,24,0.4621,0,0:01:09,4,0
gKUx-8RwiHM,Quero saber - Quem decide qual paciente recebe um coração disponível para transplante?,"Sep 4, 2023",723,24,1.1935,0,0:02:59,488,1.84
hlsbD9wCPV4,"Sementes da Cultura Científica - Adilson de Oliveira, Departamento de Física","Sep 30, 2022",593,24,0.609,1,0:01:31,1198,0.17
 -nTNBW4lrTQ,Quero saber - Não sou fluente em Inglês. Como vou publicar um livro por uma editora internacional?,"Jan 8, 2024",236,23,0.5785,0,0:01:30,326,0.92
0cOiZ54wzhI,"Fala, cientista! - Pesquisas Eleitorais - 01/12","Sep 9, 2022",104,23,0.1844,0,0:00:28,488,1.23
Jry-cMPAU6M,"As possibilidades de Ensino, Pesquisa e Extensão Universitária a partir das experiências estudantis","May 26, 2022",5222,23,0.9159,0,0:02:23,62,3.23
Y5wbWGdKJok,Ciência UFSCar: Mudanças climáticas - impactos em águas e pastos,"Mar 25, 2021",5477,23,1.0502,0,0:02:44,372,3.49
 -Ef50dItAiQ,Viviane Melo de Mendonça,"Feb 9, 2023",140,22,0.3703,0,0:01:00,143,1.4
2OFIidpHoD4,"Alumni UFSCar: Anna Cláudia Sentanin, formada em Fisioterapia na UFSCar","Aug 11, 2023",143,22,0.5186,0,0:01:24,426,3.76
66hAmM4R2s4,30 anos do projeto Trilha da Natureza da UFSCar,"Sep 13, 2022",317,22,0.5697,0,0:01:33,100,7
7SNHHbY1EZU,Depoimento Lê Fernandes - Transformação,"May 17, 2023",462,22,0.8372,0,0:02:17,130,5.38
DQeiQJL96IA,Cerimônia de entrega do Título de Doutor Honoris Causa para Dermeval Saviani,"Dec 15, 2022",334,22,0.5221,0,0:01:25,368,4.35
nFPUkkj0Ze0,UFSCar de Todos os Povos - Ney Manuel Cardoso Lopes,"Jan 31, 2023",63,22,0.2998,0,0:00:49,129,3.1
5J0S4dWETEw,Conexão Federal - EdUFSCar : Oswaldo Truzzi e Wilson Alves-Bezerra,"Oct 16, 2023",60,21,0.1537,1,0:00:30,1011,1.09
FaH13t_oQRc,Da universidade para o campo  UFSCar leva tecnologia social para cooperativas,"Mar 12, 2024",100,21,0.2196,0,0:00:37,1643,0.61
Npuqxz5OHmk,17ª Reunião Ordinária do Conselho de Gestão de Pessoas | CoGePe UFSCar,"Feb 6, 2024",7691,21,3.3592,0,0:09:35,287,2.09
U0yXtarU2NQ,Reitoria e ProAd apresentam cenário orçamentário da UFSCar para 2024 e balanço de 2023,"Mar 7, 2024",2034,21,0.9888,0,0:02:49,1507,0.8
cWXNowzO8IU,Quero saber - O calor extremo pode ser o nosso novo normal?,"Dec 4, 2023",87,21,0.1487,0,0:00:25,282,0
kvsm2UkXT4c,272ª Reunião Ordinária do Conselho Universitário | ConsUni UFSCar,"Aug 25, 2023",11024,21,3.2496,0,0:09:17,191,5.76
mS463ZW7s1g,75º Reunião Ordinária do Conselho de Assuntos Comunitários e Estudantis | CoACE  UFSCar,"Feb 27, 2024",9880,21,1.6034,0,0:04:34,232,6.03
0PI7KrJW0Ns,"Fala, cientista! - Pesquisas Eleitorais - 06/12","Sep 9, 2022",81,20,0.3146,0,0:00:56,226,2.21
4q2sZuZB0L0,EdUFSCar no Ar #5,"Oct 15, 2021",4150,20,1.7812,1,0:05:20,160,9.38
JWJGgfYkDwQ,"Racismo, homofobia, desigualdade e extermínio: os impasses da atuação do Estado","Jun 22, 2022",5508,20,0.5223,0,0:01:34,58,6.9
OojoUoaIcQk,"Quero saber - Afinal, assistir ao BBB é um comportamento voyeurístico?","Jan 29, 2024",265,20,0.4392,0,0:01:19,570,2.28
j49D_9rlK88,Quero saber - Quais as fases da doença?,"Sep 18, 2023",115,20,0.2389,0,0:00:43,160,0.63
tbs95imOOCk,"Quero saber: Afinal de contas, quem causa a febre maculosa?","Jul 6, 2023",59,20,0.1328,1,0:00:23,1344,0.74
028yTQl9WNc,Redução de danos e combate às violências nas festas universitárias,"May 9, 2023",3788,19,2.647,0,0:08:21,111,3.6
BUQO7mQTn9I,"Fala, cientista! - Pesquisas Eleitorais - 08/12","Sep 9, 2022",150,19,0.3169,0,0:01:00,721,1.8
Dbji7xom5_o,Ufscar de Todos os Povos – Juscelton Cardoso,"Apr 18, 2023",145,19,0.3233,0,0:01:01,141,4.26
JcFvj1RChuk,29º Congresso de Iniciação Científica e Tecnológica da UFSCar – CIC-CIDTI-CIC-EM/UFSCar,"Jun 1, 2023",8694,19,0.3644,0,0:01:09,163,6.13
OGrbs9zQIK8,Quero saber - Alzheimer – Conhecimento contra o estigma,"Sep 18, 2023",60,19,0.1192,0,0:00:22,1119,0.71
WXDT3Srqjd4,Mesa redonda | Reforma psiquiátrica: desafios atuais para o SUS e para as universidades,"May 15, 2023",7901,19,0.6992,0,0:02:12,220,4.09
XJ7m-Rb57kI,#5 – Maior parte da população brasileira é contrária ao fechamento do STF,"Feb 15, 2022",1459,19,0.5023,0,0:01:35,323,1.86
1Gq27C9oqfU,Quero saber - Admitir mudanças na língua que as pessoas falam é desestruturar a Língua Portuguesa?,"Dec 12, 2023",649,18,0.7088,0,0:02:21,414,1.45
2cfnV3I7UV8,Evento de Inauguração da Unidade de Pesquisa Clínica do HU UFSCar,"Mar 12, 2024",122,18,0.1799,0,0:00:35,870,1.49
4oQNjfdUuPs,Reajuste de Bolsas,"May 4, 2023",50,18,0.1695,0,0:00:33,198,7.07
62CNQauYdz8,Reitoria lança projeto UFSCar + 5 para elaboração do novo PDI,"Nov 16, 2023",131,18,0.4163,0,0:01:23,251,3.59
KnNgFJ_aUB4,Depoimento Augusta Neves - Transformação,"Jul 12, 2023",329,18,0.6141,0,0:02:02,138,3.62
e9auRrGWjSM,Alumni UFSCar - Como atualizar o seu perfil,,80,18,0.128,0,0:00:25,0,
k-fqFcC9vDg,Reunião Extraordinária do Conselho Universitário | ConsUni UFSCar,"Nov 24, 2023",12495,18,0.3687,0,0:01:13,112,6.25
xWYpGYPQJqw,UFSCar realiza 29º Congresso de Iniciação Científica e Tecnológica,"Jun 13, 2023",299,18,0.4875,0,0:01:37,402,0.75
xnHAisaEP84,Trilhas da Inovação - Ep.5 – Know-how,"Oct 11, 2023",314,18,0.5009,0,0:01:40,264,2.65
2OTPMg5qZRw,#1 – Fibra de PET reciclado pode ajudar no combate à Covid-19,"Feb 15, 2022",1172,17,0.413,0,0:01:27,65,3.08
6RTn5lxwJ5s,Reunião Extraordinária do Conselho de Graduação CoG - 19/02/2021,"Feb 23, 2021",10265,17,0.1406,0,0:00:29,95,2.11
6fquECaYFnE,Conexão Federal - Dor Crônica: Mariana Avila,"Sep 25, 2023",60,17,0.0961,0,0:00:21,785,0.64
Cpr2B9Oheqo,T2 #9 - Pesquisa investiga acúmulo de mutações no DNA mitocondrial com a idade,"Apr 1, 2022",1321,17,2.1192,0,0:07:28,544,1.84
CxJLmTtdMF8,IV SIMPOSIO DE PESQUISA EM JUVENTUDE NO BRASIL - Mesa 9,"Apr 12, 2024",6626,17,0.6563,0,0:02:18,394,0.76
HGGf9IoMvMM,"Conheça o trabalho da UAC, em atividade há 30 anos na UFSCar.","Nov 1, 2022",200,17,0.3963,0,0:01:23,76,3.95
LeGz-iQbNy4,Equipe da Pró-Reitoria de Administração fala sobre desafios e conquistas nos dois anos de gestão,"Jun 29, 2023",389,17,0.4258,0,0:01:30,454,2.64
Mr8qc_Ho514,"Fala, cientista! - Pesquisas Eleitorais - 12/12","Sep 9, 2022",127,17,0.269,0,0:00:56,261,1.53
Mu2Hm0t0VnE,Dia de valorização da universidade pública,"Aug 12, 2022",496,17,0.3909,0,0:01:22,218,2.29
PiBXIIm9Eak,Retorno às atividades presenciais na UFSCar | Tiago Santi - Técnico Administrativo - Lagoa do Sino,"May 6, 2022",81,17,0.1976,0,0:00:41,334,4.79
a8yYm410pbs,Retorno às atividades presenciais na UFSCar | Luana de Souza - Pedagogia- São Carlos,"May 25, 2022",66,17,0.1814,0,0:00:38,209,6.22
fOiy2EQz_d8,Reitora da UFSCar fala sobre reunião com o Presidente Lula e ministros,"Jan 20, 2023",249,17,0.3193,0,0:01:07,248,5.65
gQpO9oqq9AM,"Aula Magna ""Ciência, Sonho e Construção de Futuro""","Jun 2, 2022",4457,17,1.4082,0,0:04:58,403,2.23
hikeOQJYPl4,30º Congresso de Iniciação Científica - UFSCar - 13/11 - entrada 2,"Nov 13, 2024",312,17,0.1174,0,0:00:24,596,1.51
nYgxAbdnZsc,Pesquisas e projetos da UFSCar focam em bem-estar de pessoas idosas e envelhecimento saudável,"Mar 28, 2023",1793,17,0.2726,0,0:00:57,195,2.56
tJPA30moCPI,Reitoria esclarece sobre revogação de lista,"Mar 5, 2024",1569,17,0.4372,0,0:01:32,1327,0.45
wGFG5KJ1e9s,15 Anos da Rádio UFSCar,"Aug 25, 2022",910,17,0.7705,0,0:02:43,98,2.04
zYCUe-BfzVI,Quero saber - Ecoturismo #shorts,"Jan 16, 2024",58,17,0.1129,0,0:00:25,471,2.12
1wxSH5KOL8M,"Quero saber – Que calor! E, agora?","Dec 4, 2023",49,16,0.0648,0,0:00:16,1032,0
5vsFLmywHdw,O que Halloween e Dia do Saci podem nos ajudar a pensar sobre as guerras em curso no mundo?,"Oct 30, 2023",173,16,0.2685,0,0:01:00,254,1.97
Cp-LnE9-mqs,T2 #1 - Bioeconomia circular e a produção de materiais avançados,"Feb 15, 2022",1412,16,0.5275,0,0:01:58,113,5.31
LxsNzIuQ-c8,O assédio não cabe na UFSCar,"Nov 8, 2023",138,16,0.3535,0,0:01:19,392,3.32
MnXdunyNM0I,Formatura Campus Sorocaba - CCHB - 17/07/2024,,288,16,0.1784,0,0:00:40,6,0
Mz8tew3bCoc,"Mesa Redonda ""Saúde Mental  Antirracista"" | Novembro Negro UFSCar","Nov 28, 2023",10807,16,1.7295,1,0:06:29,250,2
NkYyHMXRixk,"Quero saber – Etarismo, quais suas origens e impactos?","Dec 18, 2023",167,16,0.376,0,0:01:24,379,0.79
Qnd-h9hGKAA,Quero saber: Quais são as áreas de risco para febre maculosa?,"Jul 6, 2023",145,16,0.2259,0,0:00:50,161,3.73
S7IcHKvoqLQ,UFSCar de todos os povos! Geovane Diógenes da Silva - Estudante indígena da etnia Pankararu,"Sep 1, 2022",83,16,0.2571,0,0:00:57,198,1.01
VVvrqJigCp0,"Sementes da Cultura Científica - Walter Waldman, Departamento de Física, Química e Matemática","Sep 30, 2022",261,16,0.3026,0,0:01:08,1209,0.83
ZOrphyldr4s,Roselena Faez,"Feb 8, 2023",117,16,0.113,0,0:00:25,144,4.17
cWsovsm-SdA,Combate à violência de gênero e cultura da paz: desafios para a universidade pública brasileira,"Aug 26, 2023",7008,16,0.9662,0,0:03:37,92,4.35
d_5zOlcecho,Sistema de Gestão Ambiental - UFSCar,"Jun 8, 2020",358,16,0.3391,0,0:01:16,202,5.45
eT5Q3ZHkvPU,149ª Reunião Ordinária do Conselho de Extensão | CoEx UFSCar,"Jan 18, 2024",12672,16,0.5367,0,0:02:00,204,4.9
exlkUCRM6nU,"Inauguração do Centro Cirúrgico, Laboratório e Agência Transfusional do HU-UFSCar","Oct 9, 2020",190,16,0.3254,0,0:01:13,302,3.64
gd5PX3CAAn0,Quero saber - Como as vacinas ajudam a prevenir e tratar a Doença Pulmonar Obstrutiva Crônica?,"Nov 20, 2023",158,16,0.2362,0,0:00:53,392,2.04
jOX4bczDNB8,Francisco Coury,"Jan 25, 2023",225,16,0.459,0,0:01:43,175,5.71
sid6B841ZaI,"Mensagem da Reitora, Ana Beatriz de Oliveira, de recepção aos calouros e calouras 2024","Mar 21, 2024",110,16,0.2543,0,0:00:57,811,0.37
t_no8J8ff04,Como Editar seu perfil e criar perfis adicionais no Guardiões da Saúde,"Oct 14, 2021",216,16,0.0654,0,0:00:14,214,0.93
wE8_rA3GmNM,Silvio Almeida fala sobre combate à violência,"Nov 16, 2023",204,16,0.2626,0,0:00:59,819,0.61
 -imH4tUaK5Q,UFSCar promove Campanha Acolhimento Legal de combate ao trote,"Jun 15, 2022",235,15,0.2697,0,0:01:04,161,6.21
2ZTufffrH8k,Reunião Extraordinária do Conselho Universitário | ConsUni UFSCar,"Sep 29, 2023",11265,15,0.4868,0,0:01:56,129,10.85
31_YBPseQmk,Depoimento Cae Pereira - Transformação,"Dec 6, 2023",443,15,0.5203,0,0:02:04,303,0.66
4YjRDS9uR7U,#3 - Pesquisa caracteriza ritmos brasileiros na bateria,"Feb 15, 2022",1123,15,0.3061,0,0:01:13,72,0
FPSGyZiVLgM,Na Pauta #50,"Mar 29, 2022",3610,15,0.8951,0,0:03:34,41,12.2
WMl0ILUvPAw,"Comemoração de 1 ano do Instituto da Cultura Científica ""William Saad Hossne""","Sep 28, 2022",13665,15,0.1221,0,0:00:29,149,4.7
lZDdh10jkOQ,"Na Pauta Entrevista Ana Caroline Marques, médica egressa da UFSCar, sobre assistência aos Yanomami","Jan 26, 2023",1885,15,0.1508,0,0:00:36,148,1.35
rz-Eau8FO-s,275ª Reunião Ordinária do Conselho Universitário - continuação,"Feb 23, 2024",13447,15,2.6769,0,0:10:42,385,2.34
E5lb5zXOcMM,30º Congresso de Iniciação Científica - UFSCar - 13/11 - entrada 3,"Nov 13, 2024",214,14,0.1675,0,0:00:43,633,0.79
FXMhHh1VBbM,Tathiane Milaré,"Feb 7, 2023",80,14,0.1229,0,0:00:31,128,3.91
SU8Cx7gp2Gk,"Fala, cientista! - Pesquisas Eleitorais - 07/12","Sep 9, 2022",360,14,0.6573,0,0:02:49,214,2.8
gzv_Yk2j9js,T2 #5 - Jogo educativo leva temática indígena para crianças de 5 a 10 anos,"Mar 4, 2022",1628,14,0.8344,1,0:03:34,160,5
zmzhHiMZhh4,Depoimento Marc Tristão - Transformação,"Jun 14, 2023",277,14,0.3839,0,0:01:38,137,2.92
