Data,Local da reprodução,Visualizações
2024-06-02,Página de exibição do YouTube,171
2024-06-03,Página de exibição do YouTube,222
2024-06-04,Página de exibição do YouTube,239
2024-06-05,Página de exibição do YouTube,228
2024-06-06,Página de exibição do YouTube,248
2024-06-07,Página de exibição do YouTube,215
2024-06-08,Página de exibição do YouTube,149
2024-06-09,Página de exibição do YouTube,188
2024-06-10,Página de exibição do YouTube,254
2024-06-11,Página de exibição do YouTube,593
2024-06-12,Página de exibição do YouTube,473
2024-06-13,Página de exibição do YouTube,568
2024-06-14,Página de exibição do YouTube,418
2024-06-15,Página de exibição do YouTube,174
2024-06-16,Página de exibição do YouTube,230
2024-06-17,Página de exibição do YouTube,309
2024-06-18,Página de exibição do YouTube,275
2024-06-19,Página de exibição do YouTube,213
2024-06-20,Página de exibição do YouTube,387
2024-06-21,Página de exibição do YouTube,264
2024-06-22,Página de exibição do YouTube,170
2024-06-23,Página de exibição do YouTube,159
2024-06-24,Página de exibição do YouTube,294
2024-06-25,Página de exibição do YouTube,256
2024-06-26,Página de exibição do YouTube,174
2024-06-27,Página de exibição do YouTube,248
2024-06-28,Página de exibição do YouTube,252
2024-06-29,Página de exibição do YouTube,133
2024-06-30,Página de exibição do YouTube,166
2024-07-01,Página de exibição do YouTube,200
2024-07-02,Página de exibição do YouTube,268
2024-07-03,Página de exibição do YouTube,211
2024-07-04,Página de exibição do YouTube,152
2024-07-05,Página de exibição do YouTube,150
2024-07-06,Página de exibição do YouTube,117
2024-07-07,Página de exibição do YouTube,153
2024-07-08,Página de exibição do YouTube,187
2024-07-09,Página de exibição do YouTube,192
2024-07-10,Página de exibição do YouTube,194
2024-07-11,Página de exibição do YouTube,294
2024-07-12,Página de exibição do YouTube,213
2024-07-13,Página de exibição do YouTube,135
2024-07-14,Página de exibição do YouTube,165
2024-07-15,Página de exibição do YouTube,206
2024-07-16,Página de exibição do YouTube,231
2024-07-17,Página de exibição do YouTube,192
2024-07-18,Página de exibição do YouTube,214
2024-07-19,Página de exibição do YouTube,181
2024-07-20,Página de exibição do YouTube,141
2024-07-21,Página de exibição do YouTube,164
2024-07-22,Página de exibição do YouTube,226
2024-07-23,Página de exibição do YouTube,238
2024-07-24,Página de exibição do YouTube,201
2024-07-25,Página de exibição do YouTube,235
2024-07-26,Página de exibição do YouTube,384
2024-07-27,Página de exibição do YouTube,237
2024-07-28,Página de exibição do YouTube,275
2024-07-29,Página de exibição do YouTube,327
2024-07-30,Página de exibição do YouTube,628
2024-07-31,Página de exibição do YouTube,301
2024-08-01,Página de exibição do YouTube,258
2024-08-02,Página de exibição do YouTube,328
2024-08-03,Página de exibição do YouTube,199
2024-08-04,Página de exibição do YouTube,218
2024-08-05,Página de exibição do YouTube,339
2024-08-06,Página de exibição do YouTube,325
2024-08-07,Página de exibição do YouTube,292
2024-08-08,Página de exibição do YouTube,244
2024-08-09,Página de exibição do YouTube,342
2024-08-10,Página de exibição do YouTube,151
2024-08-11,Página de exibição do YouTube,178
2024-08-12,Página de exibição do YouTube,247
2024-08-13,Página de exibição do YouTube,384
2024-08-14,Página de exibição do YouTube,288
2024-08-15,Página de exibição do YouTube,223
2024-08-16,Página de exibição do YouTube,196
2024-08-17,Página de exibição do YouTube,166
2024-08-18,Página de exibição do YouTube,189
2024-08-19,Página de exibição do YouTube,374
2024-08-20,Página de exibição do YouTube,427
2024-08-21,Página de exibição do YouTube,317
2024-08-22,Página de exibição do YouTube,334
2024-08-23,Página de exibição do YouTube,251
2024-08-24,Página de exibição do YouTube,191
2024-08-25,Página de exibição do YouTube,208
2024-08-26,Página de exibição do YouTube,1213
2024-08-27,Página de exibição do YouTube,551
2024-08-28,Página de exibição do YouTube,397
2024-08-29,Página de exibição do YouTube,1016
2024-08-30,Página de exibição do YouTube,489
2024-08-31,Página de exibição do YouTube,297
2024-09-01,Página de exibição do YouTube,297
2024-09-02,Página de exibição do YouTube,643
2024-09-03,Página de exibição do YouTube,466
2024-09-04,Página de exibição do YouTube,536
2024-09-05,Página de exibição do YouTube,733
2024-09-06,Página de exibição do YouTube,244
2024-09-07,Página de exibição do YouTube,166
2024-09-08,Página de exibição do YouTube,216
2024-09-09,Página de exibição do YouTube,304
2024-09-10,Página de exibição do YouTube,333
2024-09-11,Página de exibição do YouTube,405
2024-09-12,Página de exibição do YouTube,466
2024-09-13,Página de exibição do YouTube,362
2024-09-14,Página de exibição do YouTube,225
2024-09-15,Página de exibição do YouTube,226
2024-09-16,Página de exibição do YouTube,265
2024-09-17,Página de exibição do YouTube,301
2024-09-18,Página de exibição do YouTube,280
2024-09-19,Página de exibição do YouTube,228
2024-09-20,Página de exibição do YouTube,455
2024-09-21,Página de exibição do YouTube,199
2024-09-22,Página de exibição do YouTube,245
2024-09-23,Página de exibição do YouTube,305
2024-09-24,Página de exibição do YouTube,502
2024-09-25,Página de exibição do YouTube,253
2024-09-26,Página de exibição do YouTube,263
2024-09-27,Página de exibição do YouTube,260
2024-09-28,Página de exibição do YouTube,202
2024-09-29,Página de exibição do YouTube,223
2024-09-30,Página de exibição do YouTube,261
2024-10-01,Página de exibição do YouTube,274
2024-10-02,Página de exibição do YouTube,288
2024-10-03,Página de exibição do YouTube,275
2024-10-04,Página de exibição do YouTube,252
2024-10-05,Página de exibição do YouTube,184
2024-10-06,Página de exibição do YouTube,235
2024-10-07,Página de exibição do YouTube,279
2024-10-08,Página de exibição do YouTube,251
2024-10-09,Página de exibição do YouTube,222
2024-10-10,Página de exibição do YouTube,427
2024-10-11,Página de exibição do YouTube,301
2024-10-12,Página de exibição do YouTube,213
2024-10-13,Página de exibição do YouTube,227
2024-10-14,Página de exibição do YouTube,307
2024-10-15,Página de exibição do YouTube,411
2024-10-16,Página de exibição do YouTube,553
2024-10-17,Página de exibição do YouTube,436
2024-10-18,Página de exibição do YouTube,395
2024-10-19,Página de exibição do YouTube,261
2024-10-20,Página de exibição do YouTube,264
2024-10-21,Página de exibição do YouTube,362
2024-10-22,Página de exibição do YouTube,413
2024-10-23,Página de exibição do YouTube,410
2024-10-24,Página de exibição do YouTube,399
2024-10-25,Página de exibição do YouTube,437
2024-10-26,Página de exibição do YouTube,215
2024-10-27,Página de exibição do YouTube,216
2024-10-28,Página de exibição do YouTube,341
2024-10-29,Página de exibição do YouTube,1038
2024-10-30,Página de exibição do YouTube,459
2024-10-31,Página de exibição do YouTube,356
2024-11-01,Página de exibição do YouTube,278
2024-11-02,Página de exibição do YouTube,243
2024-11-03,Página de exibição do YouTube,238
2024-11-04,Página de exibição do YouTube,363
2024-11-05,Página de exibição do YouTube,421
2024-11-06,Página de exibição do YouTube,369
2024-11-07,Página de exibição do YouTube,322
2024-11-08,Página de exibição do YouTube,383
2024-11-09,Página de exibição do YouTube,215
2024-11-10,Página de exibição do YouTube,249
2024-11-11,Página de exibição do YouTube,339
2024-11-12,Página de exibição do YouTube,721
2024-11-13,Página de exibição do YouTube,819
2024-11-14,Página de exibição do YouTube,474
2024-11-15,Página de exibição do YouTube,279
2024-11-16,Página de exibição do YouTube,239
2024-11-17,Página de exibição do YouTube,241
2024-11-18,Página de exibição do YouTube,342
2024-11-19,Página de exibição do YouTube,248
2024-11-20,Página de exibição do YouTube,300
2024-11-21,Página de exibição do YouTube,420
2024-11-22,Página de exibição do YouTube,334
2024-11-23,Página de exibição do YouTube,200
2024-11-24,Página de exibição do YouTube,232
2024-11-25,Página de exibição do YouTube,267
2024-11-26,Página de exibição do YouTube,267
2024-11-27,Página de exibição do YouTube,269
2024-11-28,Página de exibição do YouTube,249
2024-11-29,Página de exibição do YouTube,189
2024-11-30,Página de exibição do YouTube,137
2024-12-01,Página de exibição do YouTube,200
2024-12-02,Página de exibição do YouTube,272
2024-12-03,Página de exibição do YouTube,304
2024-12-04,Página de exibição do YouTube,246
2024-12-05,Página de exibição do YouTube,263
2024-12-06,Página de exibição do YouTube,301
2024-12-07,Página de exibição do YouTube,192
2024-12-08,Página de exibição do YouTube,201
2024-12-09,Página de exibição do YouTube,245
2024-12-10,Página de exibição do YouTube,351
2024-12-11,Página de exibição do YouTube,254
2024-12-12,Página de exibição do YouTube,244
2024-12-13,Página de exibição do YouTube,424
2024-12-14,Página de exibição do YouTube,185
2024-12-15,Página de exibição do YouTube,187
2024-12-16,Página de exibição do YouTube,273
2024-12-17,Página de exibição do YouTube,360
2024-12-18,Página de exibição do YouTube,289
2024-12-19,Página de exibição do YouTube,208
2024-12-20,Página de exibição do YouTube,175
2024-12-21,Página de exibição do YouTube,131
2024-12-22,Página de exibição do YouTube,156
2024-12-23,Página de exibição do YouTube,131
2024-12-24,Página de exibição do YouTube,123
2024-12-25,Página de exibição do YouTube,122
2024-12-26,Página de exibição do YouTube,190
2024-12-27,Página de exibição do YouTube,171
2024-12-28,Página de exibição do YouTube,155
2024-12-29,Página de exibição do YouTube,179
2024-12-30,Página de exibição do YouTube,130
2024-12-31,Página de exibição do YouTube,107
2025-01-01,Página de exibição do YouTube,156
2025-01-02,Página de exibição do YouTube,181
2025-01-03,Página de exibição do YouTube,206
2025-01-04,Página de exibição do YouTube,142
2025-01-05,Página de exibição do YouTube,193
2025-01-06,Página de exibição do YouTube,218
2025-01-07,Página de exibição do YouTube,230
2025-01-08,Página de exibição do YouTube,203
2025-01-09,Página de exibição do YouTube,309
2025-01-10,Página de exibição do YouTube,194
2025-01-11,Página de exibição do YouTube,193
2025-01-12,Página de exibição do YouTube,198
2025-01-13,Página de exibição do YouTube,409
2025-01-14,Página de exibição do YouTube,392
2025-01-15,Página de exibição do YouTube,353
2025-01-16,Página de exibição do YouTube,297
2025-01-17,Página de exibição do YouTube,398
2025-01-18,Página de exibição do YouTube,792
2025-01-19,Página de exibição do YouTube,461
2025-01-20,Página de exibição do YouTube,532
2025-01-21,Página de exibição do YouTube,484
2025-01-22,Página de exibição do YouTube,349
2025-01-23,Página de exibição do YouTube,348
2025-01-24,Página de exibição do YouTube,465
2025-01-25,Página de exibição do YouTube,284
2025-01-26,Página de exibição do YouTube,256
2025-01-27,Página de exibição do YouTube,471
2025-01-28,Página de exibição do YouTube,390
2025-01-29,Página de exibição do YouTube,330
2025-01-30,Página de exibição do YouTube,359
2025-01-31,Página de exibição do YouTube,236
2025-02-01,Página de exibição do YouTube,222
2025-02-02,Página de exibição do YouTube,217
2025-02-03,Página de exibição do YouTube,251
2025-02-04,Página de exibição do YouTube,300
2025-02-05,Página de exibição do YouTube,226
2025-02-06,Página de exibição do YouTube,236
2025-02-07,Página de exibição do YouTube,202
2025-02-08,Página de exibição do YouTube,188
2025-02-09,Página de exibição do YouTube,177
2025-02-10,Página de exibição do YouTube,321
2025-02-11,Página de exibição do YouTube,277
2025-02-12,Página de exibição do YouTube,311
2025-02-13,Página de exibição do YouTube,223
2025-02-14,Página de exibição do YouTube,203
2025-02-15,Página de exibição do YouTube,171
2025-02-16,Página de exibição do YouTube,163
2025-02-17,Página de exibição do YouTube,347
2025-02-18,Página de exibição do YouTube,344
2025-02-19,Página de exibição do YouTube,293
2025-02-20,Página de exibição do YouTube,244
2025-02-21,Página de exibição do YouTube,261
2025-02-22,Página de exibição do YouTube,206
2025-02-23,Página de exibição do YouTube,199
2025-02-24,Página de exibição do YouTube,269
2025-02-25,Página de exibição do YouTube,276
2025-02-26,Página de exibição do YouTube,254
2025-02-27,Página de exibição do YouTube,232
2025-02-28,Página de exibição do YouTube,295
2025-03-01,Página de exibição do YouTube,169
2025-03-02,Página de exibição do YouTube,141
2025-03-03,Página de exibição do YouTube,158
2025-03-04,Página de exibição do YouTube,187
2025-03-05,Página de exibição do YouTube,198
2025-03-06,Página de exibição do YouTube,306
2025-03-07,Página de exibição do YouTube,277
2025-03-08,Página de exibição do YouTube,177
2025-03-09,Página de exibição do YouTube,183
2025-03-10,Página de exibição do YouTube,231
2025-03-11,Página de exibição do YouTube,335
2025-03-12,Página de exibição do YouTube,318
2025-03-13,Página de exibição do YouTube,882
2025-03-14,Página de exibição do YouTube,508
2025-03-15,Página de exibição do YouTube,310
2025-03-16,Página de exibição do YouTube,275
2025-03-17,Página de exibição do YouTube,394
2025-03-18,Página de exibição do YouTube,345
2025-03-19,Página de exibição do YouTube,266
2025-03-20,Página de exibição do YouTube,202
2025-03-21,Página de exibição do YouTube,208
2025-03-22,Página de exibição do YouTube,183
2025-03-23,Página de exibição do YouTube,249
2025-03-24,Página de exibição do YouTube,289
2025-03-25,Página de exibição do YouTube,272
2025-03-26,Página de exibição do YouTube,306
2025-03-27,Página de exibição do YouTube,262
2025-03-28,Página de exibição do YouTube,285
2025-03-29,Página de exibição do YouTube,165
2025-03-30,Página de exibição do YouTube,218
2025-03-31,Página de exibição do YouTube,265
2025-04-01,Página de exibição do YouTube,401
2025-04-02,Página de exibição do YouTube,247
2025-04-03,Página de exibição do YouTube,210
2025-04-04,Página de exibição do YouTube,319
2025-04-05,Página de exibição do YouTube,161
2025-04-06,Página de exibição do YouTube,164
2025-04-07,Página de exibição do YouTube,281
2025-04-08,Página de exibição do YouTube,340
2025-04-09,Página de exibição do YouTube,459
2025-04-10,Página de exibição do YouTube,263
2025-04-11,Página de exibição do YouTube,223
2025-04-12,Página de exibição do YouTube,176
2025-04-13,Página de exibição do YouTube,195
2025-04-14,Página de exibição do YouTube,308
2025-04-15,Página de exibição do YouTube,264
2025-04-16,Página de exibição do YouTube,223
2025-04-17,Página de exibição do YouTube,182
2025-04-18,Página de exibição do YouTube,173
2025-04-19,Página de exibição do YouTube,156
2025-04-20,Página de exibição do YouTube,178
2025-04-21,Página de exibição do YouTube,231
2025-04-22,Página de exibição do YouTube,198
2025-04-23,Página de exibição do YouTube,323
2025-04-24,Página de exibição do YouTube,220
2025-04-25,Página de exibição do YouTube,646
2025-04-26,Página de exibição do YouTube,232
2025-04-27,Página de exibição do YouTube,207
2025-04-28,Página de exibição do YouTube,257
2025-04-29,Página de exibição do YouTube,232
2025-04-30,Página de exibição do YouTube,413
2025-05-01,Página de exibição do YouTube,231
2025-05-02,Página de exibição do YouTube,188
2025-05-03,Página de exibição do YouTube,167
2025-05-04,Página de exibição do YouTube,179
2025-05-05,Página de exibição do YouTube,328
2025-05-06,Página de exibição do YouTube,295
2025-05-07,Página de exibição do YouTube,1536
2025-05-08,Página de exibição do YouTube,425
2025-05-09,Página de exibição do YouTube,236
2025-05-10,Página de exibição do YouTube,175
2025-05-11,Página de exibição do YouTube,200
2025-05-12,Página de exibição do YouTube,371
2025-05-13,Página de exibição do YouTube,261
2025-05-14,Página de exibição do YouTube,283
2025-05-15,Página de exibição do YouTube,221
2025-05-16,Página de exibição do YouTube,224
2025-05-17,Página de exibição do YouTube,209
2025-05-18,Página de exibição do YouTube,196
2025-05-19,Página de exibição do YouTube,227
2025-05-20,Página de exibição do YouTube,248
2025-05-21,Página de exibição do YouTube,245
2025-05-22,Página de exibição do YouTube,215
2025-05-23,Página de exibição do YouTube,194
2025-05-24,Página de exibição do YouTube,171
2025-05-25,Página de exibição do YouTube,183
2025-05-26,Página de exibição do YouTube,408
2025-05-27,Página de exibição do YouTube,311
2025-05-28,Página de exibição do YouTube,356
2025-05-29,Página de exibição do YouTube,217
2025-05-30,Página de exibição do YouTube,347
2025-05-31,Página de exibição do YouTube,212
2025-06-01,Página de exibição do YouTube,217
2024-06-02,Incorporado em sites e apps externos,74
2024-06-03,Incorporado em sites e apps externos,103
2024-06-04,Incorporado em sites e apps externos,97
2024-06-05,Incorporado em sites e apps externos,64
2024-06-06,Incorporado em sites e apps externos,96
2024-06-07,Incorporado em sites e apps externos,99
2024-06-08,Incorporado em sites e apps externos,79
2024-06-09,Incorporado em sites e apps externos,112
2024-06-10,Incorporado em sites e apps externos,117
2024-06-11,Incorporado em sites e apps externos,178
2024-06-12,Incorporado em sites e apps externos,122
2024-06-13,Incorporado em sites e apps externos,109
2024-06-14,Incorporado em sites e apps externos,90
2024-06-15,Incorporado em sites e apps externos,66
2024-06-16,Incorporado em sites e apps externos,97
2024-06-17,Incorporado em sites e apps externos,337
2024-06-18,Incorporado em sites e apps externos,149
2024-06-19,Incorporado em sites e apps externos,112
2024-06-20,Incorporado em sites e apps externos,174
2024-06-21,Incorporado em sites e apps externos,115
2024-06-22,Incorporado em sites e apps externos,88
2024-06-23,Incorporado em sites e apps externos,80
2024-06-24,Incorporado em sites e apps externos,163
2024-06-25,Incorporado em sites e apps externos,112
2024-06-26,Incorporado em sites e apps externos,93
2024-06-27,Incorporado em sites e apps externos,105
2024-06-28,Incorporado em sites e apps externos,119
2024-06-29,Incorporado em sites e apps externos,76
2024-06-30,Incorporado em sites e apps externos,105
2024-07-01,Incorporado em sites e apps externos,124
2024-07-02,Incorporado em sites e apps externos,116
2024-07-03,Incorporado em sites e apps externos,105
2024-07-04,Incorporado em sites e apps externos,95
2024-07-05,Incorporado em sites e apps externos,77
2024-07-06,Incorporado em sites e apps externos,71
2024-07-07,Incorporado em sites e apps externos,44
2024-07-08,Incorporado em sites e apps externos,87
2024-07-09,Incorporado em sites e apps externos,127
2024-07-10,Incorporado em sites e apps externos,122
2024-07-11,Incorporado em sites e apps externos,86
2024-07-12,Incorporado em sites e apps externos,75
2024-07-13,Incorporado em sites e apps externos,71
2024-07-14,Incorporado em sites e apps externos,57
2024-07-15,Incorporado em sites e apps externos,67
2024-07-16,Incorporado em sites e apps externos,75
2024-07-17,Incorporado em sites e apps externos,84
2024-07-18,Incorporado em sites e apps externos,76
2024-07-19,Incorporado em sites e apps externos,75
2024-07-20,Incorporado em sites e apps externos,69
2024-07-21,Incorporado em sites e apps externos,74
2024-07-22,Incorporado em sites e apps externos,77
2024-07-23,Incorporado em sites e apps externos,85
2024-07-24,Incorporado em sites e apps externos,95
2024-07-25,Incorporado em sites e apps externos,82
2024-07-26,Incorporado em sites e apps externos,74
2024-07-27,Incorporado em sites e apps externos,94
2024-07-28,Incorporado em sites e apps externos,177
2024-07-29,Incorporado em sites e apps externos,82
2024-07-30,Incorporado em sites e apps externos,124
2024-07-31,Incorporado em sites e apps externos,140
2024-08-01,Incorporado em sites e apps externos,90
2024-08-02,Incorporado em sites e apps externos,105
2024-08-03,Incorporado em sites e apps externos,90
2024-08-04,Incorporado em sites e apps externos,84
2024-08-05,Incorporado em sites e apps externos,140
2024-08-06,Incorporado em sites e apps externos,93
2024-08-07,Incorporado em sites e apps externos,114
2024-08-08,Incorporado em sites e apps externos,119
2024-08-09,Incorporado em sites e apps externos,127
2024-08-10,Incorporado em sites e apps externos,66
2024-08-11,Incorporado em sites e apps externos,62
2024-08-12,Incorporado em sites e apps externos,72
2024-08-13,Incorporado em sites e apps externos,169
2024-08-14,Incorporado em sites e apps externos,86
2024-08-15,Incorporado em sites e apps externos,85
2024-08-16,Incorporado em sites e apps externos,80
2024-08-17,Incorporado em sites e apps externos,69
2024-08-18,Incorporado em sites e apps externos,93
2024-08-19,Incorporado em sites e apps externos,121
2024-08-20,Incorporado em sites e apps externos,141
2024-08-21,Incorporado em sites e apps externos,91
2024-08-22,Incorporado em sites e apps externos,106
2024-08-23,Incorporado em sites e apps externos,103
2024-08-24,Incorporado em sites e apps externos,60
2024-08-25,Incorporado em sites e apps externos,89
2024-08-26,Incorporado em sites e apps externos,99
2024-08-27,Incorporado em sites e apps externos,132
2024-08-28,Incorporado em sites e apps externos,118
2024-08-29,Incorporado em sites e apps externos,108
2024-08-30,Incorporado em sites e apps externos,111
2024-08-31,Incorporado em sites e apps externos,62
2024-09-01,Incorporado em sites e apps externos,104
2024-09-02,Incorporado em sites e apps externos,124
2024-09-03,Incorporado em sites e apps externos,147
2024-09-04,Incorporado em sites e apps externos,204
2024-09-05,Incorporado em sites e apps externos,144
2024-09-06,Incorporado em sites e apps externos,89
2024-09-07,Incorporado em sites e apps externos,79
2024-09-08,Incorporado em sites e apps externos,92
2024-09-09,Incorporado em sites e apps externos,125
2024-09-10,Incorporado em sites e apps externos,93
2024-09-11,Incorporado em sites e apps externos,124
2024-09-12,Incorporado em sites e apps externos,134
2024-09-13,Incorporado em sites e apps externos,105
2024-09-14,Incorporado em sites e apps externos,99
2024-09-15,Incorporado em sites e apps externos,97
2024-09-16,Incorporado em sites e apps externos,135
2024-09-17,Incorporado em sites e apps externos,191
2024-09-18,Incorporado em sites e apps externos,96
2024-09-19,Incorporado em sites e apps externos,115
2024-09-20,Incorporado em sites e apps externos,88
2024-09-21,Incorporado em sites e apps externos,82
2024-09-22,Incorporado em sites e apps externos,87
2024-09-23,Incorporado em sites e apps externos,110
2024-09-24,Incorporado em sites e apps externos,102
2024-09-25,Incorporado em sites e apps externos,104
2024-09-26,Incorporado em sites e apps externos,97
2024-09-27,Incorporado em sites e apps externos,87
2024-09-28,Incorporado em sites e apps externos,84
2024-09-29,Incorporado em sites e apps externos,75
2024-09-30,Incorporado em sites e apps externos,96
2024-10-01,Incorporado em sites e apps externos,111
2024-10-02,Incorporado em sites e apps externos,134
2024-10-03,Incorporado em sites e apps externos,129
2024-10-04,Incorporado em sites e apps externos,76
2024-10-05,Incorporado em sites e apps externos,79
2024-10-06,Incorporado em sites e apps externos,104
2024-10-07,Incorporado em sites e apps externos,82
2024-10-08,Incorporado em sites e apps externos,90
2024-10-09,Incorporado em sites e apps externos,82
2024-10-10,Incorporado em sites e apps externos,100
2024-10-11,Incorporado em sites e apps externos,104
2024-10-12,Incorporado em sites e apps externos,67
2024-10-13,Incorporado em sites e apps externos,103
2024-10-14,Incorporado em sites e apps externos,86
2024-10-15,Incorporado em sites e apps externos,110
2024-10-16,Incorporado em sites e apps externos,132
2024-10-17,Incorporado em sites e apps externos,134
2024-10-18,Incorporado em sites e apps externos,123
2024-10-19,Incorporado em sites e apps externos,122
2024-10-20,Incorporado em sites e apps externos,75
2024-10-21,Incorporado em sites e apps externos,108
2024-10-22,Incorporado em sites e apps externos,92
2024-10-23,Incorporado em sites e apps externos,102
2024-10-24,Incorporado em sites e apps externos,108
2024-10-25,Incorporado em sites e apps externos,109
2024-10-26,Incorporado em sites e apps externos,85
2024-10-27,Incorporado em sites e apps externos,131
2024-10-28,Incorporado em sites e apps externos,108
2024-10-29,Incorporado em sites e apps externos,121
2024-10-30,Incorporado em sites e apps externos,133
2024-10-31,Incorporado em sites e apps externos,111
2024-11-01,Incorporado em sites e apps externos,121
2024-11-02,Incorporado em sites e apps externos,87
2024-11-03,Incorporado em sites e apps externos,74
2024-11-04,Incorporado em sites e apps externos,90
2024-11-05,Incorporado em sites e apps externos,105
2024-11-06,Incorporado em sites e apps externos,110
2024-11-07,Incorporado em sites e apps externos,471
2024-11-08,Incorporado em sites e apps externos,146
2024-11-09,Incorporado em sites e apps externos,91
2024-11-10,Incorporado em sites e apps externos,95
2024-11-11,Incorporado em sites e apps externos,104
2024-11-12,Incorporado em sites e apps externos,94
2024-11-13,Incorporado em sites e apps externos,119
2024-11-14,Incorporado em sites e apps externos,111
2024-11-15,Incorporado em sites e apps externos,106
2024-11-16,Incorporado em sites e apps externos,91
2024-11-17,Incorporado em sites e apps externos,85
2024-11-18,Incorporado em sites e apps externos,63
2024-11-19,Incorporado em sites e apps externos,71
2024-11-20,Incorporado em sites e apps externos,105
2024-11-21,Incorporado em sites e apps externos,89
2024-11-22,Incorporado em sites e apps externos,91
2024-11-23,Incorporado em sites e apps externos,84
2024-11-24,Incorporado em sites e apps externos,78
2024-11-25,Incorporado em sites e apps externos,106
2024-11-26,Incorporado em sites e apps externos,89
2024-11-27,Incorporado em sites e apps externos,110
2024-11-28,Incorporado em sites e apps externos,114
2024-11-29,Incorporado em sites e apps externos,84
2024-11-30,Incorporado em sites e apps externos,121
2024-12-01,Incorporado em sites e apps externos,92
2024-12-02,Incorporado em sites e apps externos,124
2024-12-03,Incorporado em sites e apps externos,159
2024-12-04,Incorporado em sites e apps externos,87
2024-12-05,Incorporado em sites e apps externos,99
2024-12-06,Incorporado em sites e apps externos,101
2024-12-07,Incorporado em sites e apps externos,92
2024-12-08,Incorporado em sites e apps externos,88
2024-12-09,Incorporado em sites e apps externos,129
2024-12-10,Incorporado em sites e apps externos,85
2024-12-11,Incorporado em sites e apps externos,103
2024-12-12,Incorporado em sites e apps externos,116
2024-12-13,Incorporado em sites e apps externos,105
2024-12-14,Incorporado em sites e apps externos,83
2024-12-15,Incorporado em sites e apps externos,64
2024-12-16,Incorporado em sites e apps externos,89
2024-12-17,Incorporado em sites e apps externos,150
2024-12-18,Incorporado em sites e apps externos,146
2024-12-19,Incorporado em sites e apps externos,73
2024-12-20,Incorporado em sites e apps externos,78
2024-12-21,Incorporado em sites e apps externos,57
2024-12-22,Incorporado em sites e apps externos,61
2024-12-23,Incorporado em sites e apps externos,44
2024-12-24,Incorporado em sites e apps externos,30
2024-12-25,Incorporado em sites e apps externos,33
2024-12-26,Incorporado em sites e apps externos,64
2024-12-27,Incorporado em sites e apps externos,60
2024-12-28,Incorporado em sites e apps externos,83
2024-12-29,Incorporado em sites e apps externos,64
2024-12-30,Incorporado em sites e apps externos,70
2024-12-31,Incorporado em sites e apps externos,43
2025-01-01,Incorporado em sites e apps externos,57
2025-01-02,Incorporado em sites e apps externos,75
2025-01-03,Incorporado em sites e apps externos,97
2025-01-04,Incorporado em sites e apps externos,81
2025-01-05,Incorporado em sites e apps externos,93
2025-01-06,Incorporado em sites e apps externos,96
2025-01-07,Incorporado em sites e apps externos,75
2025-01-08,Incorporado em sites e apps externos,94
2025-01-09,Incorporado em sites e apps externos,123
2025-01-10,Incorporado em sites e apps externos,78
2025-01-11,Incorporado em sites e apps externos,82
2025-01-12,Incorporado em sites e apps externos,232
2025-01-13,Incorporado em sites e apps externos,135
2025-01-14,Incorporado em sites e apps externos,87
2025-01-15,Incorporado em sites e apps externos,71
2025-01-16,Incorporado em sites e apps externos,72
2025-01-17,Incorporado em sites e apps externos,79
2025-01-18,Incorporado em sites e apps externos,120
2025-01-19,Incorporado em sites e apps externos,93
2025-01-20,Incorporado em sites e apps externos,96
2025-01-21,Incorporado em sites e apps externos,105
2025-01-22,Incorporado em sites e apps externos,85
2025-01-23,Incorporado em sites e apps externos,85
2025-01-24,Incorporado em sites e apps externos,212
2025-01-25,Incorporado em sites e apps externos,112
2025-01-26,Incorporado em sites e apps externos,116
2025-01-27,Incorporado em sites e apps externos,122
2025-01-28,Incorporado em sites e apps externos,104
2025-01-29,Incorporado em sites e apps externos,119
2025-01-30,Incorporado em sites e apps externos,122
2025-01-31,Incorporado em sites e apps externos,433
2025-02-01,Incorporado em sites e apps externos,425
2025-02-02,Incorporado em sites e apps externos,92
2025-02-03,Incorporado em sites e apps externos,82
2025-02-04,Incorporado em sites e apps externos,100
2025-02-05,Incorporado em sites e apps externos,102
2025-02-06,Incorporado em sites e apps externos,85
2025-02-07,Incorporado em sites e apps externos,68
2025-02-08,Incorporado em sites e apps externos,63
2025-02-09,Incorporado em sites e apps externos,53
2025-02-10,Incorporado em sites e apps externos,69
2025-02-11,Incorporado em sites e apps externos,111
2025-02-12,Incorporado em sites e apps externos,76
2025-02-13,Incorporado em sites e apps externos,58
2025-02-14,Incorporado em sites e apps externos,64
2025-02-15,Incorporado em sites e apps externos,65
2025-02-16,Incorporado em sites e apps externos,58
2025-02-17,Incorporado em sites e apps externos,66
2025-02-18,Incorporado em sites e apps externos,77
2025-02-19,Incorporado em sites e apps externos,52
2025-02-20,Incorporado em sites e apps externos,48
2025-02-21,Incorporado em sites e apps externos,45
2025-02-22,Incorporado em sites e apps externos,49
2025-02-23,Incorporado em sites e apps externos,48
2025-02-24,Incorporado em sites e apps externos,67
2025-02-25,Incorporado em sites e apps externos,65
2025-02-26,Incorporado em sites e apps externos,59
2025-02-27,Incorporado em sites e apps externos,59
2025-02-28,Incorporado em sites e apps externos,49
2025-03-01,Incorporado em sites e apps externos,37
2025-03-02,Incorporado em sites e apps externos,57
2025-03-03,Incorporado em sites e apps externos,60
2025-03-04,Incorporado em sites e apps externos,51
2025-03-05,Incorporado em sites e apps externos,54
2025-03-06,Incorporado em sites e apps externos,78
2025-03-07,Incorporado em sites e apps externos,66
2025-03-08,Incorporado em sites e apps externos,93
2025-03-09,Incorporado em sites e apps externos,64
2025-03-10,Incorporado em sites e apps externos,68
2025-03-11,Incorporado em sites e apps externos,79
2025-03-12,Incorporado em sites e apps externos,52
2025-03-13,Incorporado em sites e apps externos,115
2025-03-14,Incorporado em sites e apps externos,104
2025-03-15,Incorporado em sites e apps externos,113
2025-03-16,Incorporado em sites e apps externos,70
2025-03-17,Incorporado em sites e apps externos,108
2025-03-18,Incorporado em sites e apps externos,257
2025-03-19,Incorporado em sites e apps externos,86
2025-03-20,Incorporado em sites e apps externos,76
2025-03-21,Incorporado em sites e apps externos,69
2025-03-22,Incorporado em sites e apps externos,74
2025-03-23,Incorporado em sites e apps externos,73
2025-03-24,Incorporado em sites e apps externos,126
2025-03-25,Incorporado em sites e apps externos,76
2025-03-26,Incorporado em sites e apps externos,88
2025-03-27,Incorporado em sites e apps externos,193
2025-03-28,Incorporado em sites e apps externos,253
2025-03-29,Incorporado em sites e apps externos,96
2025-03-30,Incorporado em sites e apps externos,62
2025-03-31,Incorporado em sites e apps externos,93
2025-04-01,Incorporado em sites e apps externos,88
2025-04-02,Incorporado em sites e apps externos,80
2025-04-03,Incorporado em sites e apps externos,81
2025-04-04,Incorporado em sites e apps externos,80
2025-04-05,Incorporado em sites e apps externos,56
2025-04-06,Incorporado em sites e apps externos,53
2025-04-07,Incorporado em sites e apps externos,54
2025-04-08,Incorporado em sites e apps externos,47
2025-04-09,Incorporado em sites e apps externos,70
2025-04-10,Incorporado em sites e apps externos,47
2025-04-11,Incorporado em sites e apps externos,53
2025-04-12,Incorporado em sites e apps externos,45
2025-04-13,Incorporado em sites e apps externos,44
2025-04-14,Incorporado em sites e apps externos,73
2025-04-15,Incorporado em sites e apps externos,108
2025-04-16,Incorporado em sites e apps externos,121
2025-04-17,Incorporado em sites e apps externos,92
2025-04-18,Incorporado em sites e apps externos,56
2025-04-19,Incorporado em sites e apps externos,56
2025-04-20,Incorporado em sites e apps externos,47
2025-04-21,Incorporado em sites e apps externos,79
2025-04-22,Incorporado em sites e apps externos,69
2025-04-23,Incorporado em sites e apps externos,81
2025-04-24,Incorporado em sites e apps externos,70
2025-04-25,Incorporado em sites e apps externos,84
2025-04-26,Incorporado em sites e apps externos,61
2025-04-27,Incorporado em sites e apps externos,81
2025-04-28,Incorporado em sites e apps externos,71
2025-04-29,Incorporado em sites e apps externos,82
2025-04-30,Incorporado em sites e apps externos,70
2025-05-01,Incorporado em sites e apps externos,205
2025-05-02,Incorporado em sites e apps externos,91
2025-05-03,Incorporado em sites e apps externos,65
2025-05-04,Incorporado em sites e apps externos,47
2025-05-05,Incorporado em sites e apps externos,104
2025-05-06,Incorporado em sites e apps externos,112
2025-05-07,Incorporado em sites e apps externos,230
2025-05-08,Incorporado em sites e apps externos,112
2025-05-09,Incorporado em sites e apps externos,70
2025-05-10,Incorporado em sites e apps externos,70
2025-05-11,Incorporado em sites e apps externos,58
2025-05-12,Incorporado em sites e apps externos,89
2025-05-13,Incorporado em sites e apps externos,70
2025-05-14,Incorporado em sites e apps externos,78
2025-05-15,Incorporado em sites e apps externos,79
2025-05-16,Incorporado em sites e apps externos,76
2025-05-17,Incorporado em sites e apps externos,60
2025-05-18,Incorporado em sites e apps externos,87
2025-05-19,Incorporado em sites e apps externos,69
2025-05-20,Incorporado em sites e apps externos,83
2025-05-21,Incorporado em sites e apps externos,67
2025-05-22,Incorporado em sites e apps externos,83
2025-05-23,Incorporado em sites e apps externos,76
2025-05-24,Incorporado em sites e apps externos,63
2025-05-25,Incorporado em sites e apps externos,69
2025-05-26,Incorporado em sites e apps externos,95
2025-05-27,Incorporado em sites e apps externos,82
2025-05-28,Incorporado em sites e apps externos,83
2025-05-29,Incorporado em sites e apps externos,63
2025-05-30,Incorporado em sites e apps externos,69
2025-05-31,Incorporado em sites e apps externos,72
2025-06-01,Incorporado em sites e apps externos,56
2024-06-02,Página de canal do YouTube,0
2024-06-03,Página de canal do YouTube,0
2024-06-04,Página de canal do YouTube,0
2024-06-05,Página de canal do YouTube,1
2024-06-06,Página de canal do YouTube,1
2024-06-07,Página de canal do YouTube,2
2024-06-08,Página de canal do YouTube,0
2024-06-09,Página de canal do YouTube,2
2024-06-10,Página de canal do YouTube,1
2024-06-11,Página de canal do YouTube,4
2024-06-12,Página de canal do YouTube,4
2024-06-13,Página de canal do YouTube,0
2024-06-14,Página de canal do YouTube,2
2024-06-15,Página de canal do YouTube,1
2024-06-16,Página de canal do YouTube,0
2024-06-17,Página de canal do YouTube,1
2024-06-18,Página de canal do YouTube,0
2024-06-19,Página de canal do YouTube,0
2024-06-20,Página de canal do YouTube,5
2024-06-21,Página de canal do YouTube,4
2024-06-22,Página de canal do YouTube,2
2024-06-23,Página de canal do YouTube,0
2024-06-24,Página de canal do YouTube,0
2024-06-25,Página de canal do YouTube,3
2024-06-26,Página de canal do YouTube,2
2024-06-27,Página de canal do YouTube,2
2024-06-28,Página de canal do YouTube,0
2024-06-29,Página de canal do YouTube,1
2024-06-30,Página de canal do YouTube,2
2024-07-01,Página de canal do YouTube,2
2024-07-02,Página de canal do YouTube,8
2024-07-03,Página de canal do YouTube,1
2024-07-04,Página de canal do YouTube,1
2024-07-05,Página de canal do YouTube,1
2024-07-06,Página de canal do YouTube,0
2024-07-07,Página de canal do YouTube,0
2024-07-08,Página de canal do YouTube,0
2024-07-09,Página de canal do YouTube,0
2024-07-10,Página de canal do YouTube,3
2024-07-11,Página de canal do YouTube,0
2024-07-12,Página de canal do YouTube,3
2024-07-13,Página de canal do YouTube,0
2024-07-14,Página de canal do YouTube,0
2024-07-15,Página de canal do YouTube,2
2024-07-16,Página de canal do YouTube,1
2024-07-17,Página de canal do YouTube,0
2024-07-18,Página de canal do YouTube,4
2024-07-19,Página de canal do YouTube,2
2024-07-20,Página de canal do YouTube,0
2024-07-21,Página de canal do YouTube,1
2024-07-22,Página de canal do YouTube,3
2024-07-23,Página de canal do YouTube,8
2024-07-24,Página de canal do YouTube,1
2024-07-25,Página de canal do YouTube,1
2024-07-26,Página de canal do YouTube,3
2024-07-27,Página de canal do YouTube,0
2024-07-28,Página de canal do YouTube,0
2024-07-29,Página de canal do YouTube,8
2024-07-30,Página de canal do YouTube,1
2024-07-31,Página de canal do YouTube,2
2024-08-01,Página de canal do YouTube,2
2024-08-02,Página de canal do YouTube,9
2024-08-03,Página de canal do YouTube,0
2024-08-04,Página de canal do YouTube,0
2024-08-05,Página de canal do YouTube,1
2024-08-06,Página de canal do YouTube,4
2024-08-07,Página de canal do YouTube,1
2024-08-08,Página de canal do YouTube,1
2024-08-09,Página de canal do YouTube,7
2024-08-10,Página de canal do YouTube,1
2024-08-11,Página de canal do YouTube,1
2024-08-12,Página de canal do YouTube,1
2024-08-13,Página de canal do YouTube,5
2024-08-14,Página de canal do YouTube,1
2024-08-15,Página de canal do YouTube,1
2024-08-16,Página de canal do YouTube,1
2024-08-17,Página de canal do YouTube,1
2024-08-18,Página de canal do YouTube,0
2024-08-19,Página de canal do YouTube,4
2024-08-20,Página de canal do YouTube,1
2024-08-21,Página de canal do YouTube,4
2024-08-22,Página de canal do YouTube,10
2024-08-23,Página de canal do YouTube,3
2024-08-24,Página de canal do YouTube,0
2024-08-25,Página de canal do YouTube,0
2024-08-26,Página de canal do YouTube,32
2024-08-27,Página de canal do YouTube,10
2024-08-28,Página de canal do YouTube,12
2024-08-29,Página de canal do YouTube,9
2024-08-30,Página de canal do YouTube,4
2024-08-31,Página de canal do YouTube,3
2024-09-01,Página de canal do YouTube,3
2024-09-02,Página de canal do YouTube,6
2024-09-03,Página de canal do YouTube,5
2024-09-04,Página de canal do YouTube,1
2024-09-05,Página de canal do YouTube,6
2024-09-06,Página de canal do YouTube,2
2024-09-07,Página de canal do YouTube,0
2024-09-08,Página de canal do YouTube,0
2024-09-09,Página de canal do YouTube,4
2024-09-10,Página de canal do YouTube,0
2024-09-11,Página de canal do YouTube,2
2024-09-12,Página de canal do YouTube,3
2024-09-13,Página de canal do YouTube,1
2024-09-14,Página de canal do YouTube,2
2024-09-15,Página de canal do YouTube,0
2024-09-16,Página de canal do YouTube,0
2024-09-17,Página de canal do YouTube,1
2024-09-18,Página de canal do YouTube,2
2024-09-19,Página de canal do YouTube,2
2024-09-20,Página de canal do YouTube,3
2024-09-21,Página de canal do YouTube,1
2024-09-22,Página de canal do YouTube,1
2024-09-23,Página de canal do YouTube,0
2024-09-24,Página de canal do YouTube,5
2024-09-25,Página de canal do YouTube,0
2024-09-26,Página de canal do YouTube,1
2024-09-27,Página de canal do YouTube,0
2024-09-28,Página de canal do YouTube,0
2024-09-29,Página de canal do YouTube,0
2024-09-30,Página de canal do YouTube,2
2024-10-01,Página de canal do YouTube,2
2024-10-02,Página de canal do YouTube,0
2024-10-03,Página de canal do YouTube,4
2024-10-04,Página de canal do YouTube,1
2024-10-05,Página de canal do YouTube,0
2024-10-06,Página de canal do YouTube,0
2024-10-07,Página de canal do YouTube,1
2024-10-08,Página de canal do YouTube,3
2024-10-09,Página de canal do YouTube,0
2024-10-10,Página de canal do YouTube,2
2024-10-11,Página de canal do YouTube,3
2024-10-12,Página de canal do YouTube,0
2024-10-13,Página de canal do YouTube,0
2024-10-14,Página de canal do YouTube,9
2024-10-15,Página de canal do YouTube,6
2024-10-16,Página de canal do YouTube,9
2024-10-17,Página de canal do YouTube,4
2024-10-18,Página de canal do YouTube,0
2024-10-19,Página de canal do YouTube,0
2024-10-20,Página de canal do YouTube,3
2024-10-21,Página de canal do YouTube,5
2024-10-22,Página de canal do YouTube,2
2024-10-23,Página de canal do YouTube,4
2024-10-24,Página de canal do YouTube,4
2024-10-25,Página de canal do YouTube,3
2024-10-26,Página de canal do YouTube,0
2024-10-27,Página de canal do YouTube,1
2024-10-28,Página de canal do YouTube,4
2024-10-29,Página de canal do YouTube,4
2024-10-30,Página de canal do YouTube,2
2024-10-31,Página de canal do YouTube,1
2024-11-01,Página de canal do YouTube,5
2024-11-02,Página de canal do YouTube,2
2024-11-03,Página de canal do YouTube,1
2024-11-04,Página de canal do YouTube,0
2024-11-05,Página de canal do YouTube,1
2024-11-06,Página de canal do YouTube,1
2024-11-07,Página de canal do YouTube,5
2024-11-08,Página de canal do YouTube,1
2024-11-09,Página de canal do YouTube,0
2024-11-10,Página de canal do YouTube,0
2024-11-11,Página de canal do YouTube,7
2024-11-12,Página de canal do YouTube,18
2024-11-13,Página de canal do YouTube,5
2024-11-14,Página de canal do YouTube,5
2024-11-15,Página de canal do YouTube,2
2024-11-16,Página de canal do YouTube,1
2024-11-17,Página de canal do YouTube,1
2024-11-18,Página de canal do YouTube,2
2024-11-19,Página de canal do YouTube,3
2024-11-20,Página de canal do YouTube,3
2024-11-21,Página de canal do YouTube,1
2024-11-22,Página de canal do YouTube,4
2024-11-23,Página de canal do YouTube,1
2024-11-24,Página de canal do YouTube,1
2024-11-25,Página de canal do YouTube,3
2024-11-26,Página de canal do YouTube,2
2024-11-27,Página de canal do YouTube,0
2024-11-28,Página de canal do YouTube,2
2024-11-29,Página de canal do YouTube,0
2024-11-30,Página de canal do YouTube,0
2024-12-01,Página de canal do YouTube,0
2024-12-02,Página de canal do YouTube,1
2024-12-03,Página de canal do YouTube,1
2024-12-04,Página de canal do YouTube,1
2024-12-05,Página de canal do YouTube,4
2024-12-06,Página de canal do YouTube,1
2024-12-07,Página de canal do YouTube,0
2024-12-08,Página de canal do YouTube,2
2024-12-09,Página de canal do YouTube,1
2024-12-10,Página de canal do YouTube,5
2024-12-11,Página de canal do YouTube,5
2024-12-12,Página de canal do YouTube,2
2024-12-13,Página de canal do YouTube,6
2024-12-14,Página de canal do YouTube,0
2024-12-15,Página de canal do YouTube,0
2024-12-16,Página de canal do YouTube,5
2024-12-17,Página de canal do YouTube,6
2024-12-18,Página de canal do YouTube,1
2024-12-19,Página de canal do YouTube,1
2024-12-20,Página de canal do YouTube,2
2024-12-21,Página de canal do YouTube,3
2024-12-22,Página de canal do YouTube,1
2024-12-23,Página de canal do YouTube,2
2024-12-24,Página de canal do YouTube,1
2024-12-25,Página de canal do YouTube,0
2024-12-26,Página de canal do YouTube,0
2024-12-27,Página de canal do YouTube,1
2024-12-28,Página de canal do YouTube,0
2024-12-29,Página de canal do YouTube,2
2024-12-30,Página de canal do YouTube,0
2024-12-31,Página de canal do YouTube,0
2025-01-01,Página de canal do YouTube,0
2025-01-02,Página de canal do YouTube,2
2025-01-03,Página de canal do YouTube,0
2025-01-04,Página de canal do YouTube,0
2025-01-05,Página de canal do YouTube,1
2025-01-06,Página de canal do YouTube,1
2025-01-07,Página de canal do YouTube,1
2025-01-08,Página de canal do YouTube,2
2025-01-09,Página de canal do YouTube,2
2025-01-10,Página de canal do YouTube,2
2025-01-11,Página de canal do YouTube,2
2025-01-12,Página de canal do YouTube,0
2025-01-13,Página de canal do YouTube,1
2025-01-14,Página de canal do YouTube,3
2025-01-15,Página de canal do YouTube,2
2025-01-16,Página de canal do YouTube,2
2025-01-17,Página de canal do YouTube,2
2025-01-18,Página de canal do YouTube,1
2025-01-19,Página de canal do YouTube,2
2025-01-20,Página de canal do YouTube,3
2025-01-21,Página de canal do YouTube,4
2025-01-22,Página de canal do YouTube,2
2025-01-23,Página de canal do YouTube,3
2025-01-24,Página de canal do YouTube,1
2025-01-25,Página de canal do YouTube,1
2025-01-26,Página de canal do YouTube,1
2025-01-27,Página de canal do YouTube,4
2025-01-28,Página de canal do YouTube,2
2025-01-29,Página de canal do YouTube,2
2025-01-30,Página de canal do YouTube,3
2025-01-31,Página de canal do YouTube,1
2025-02-01,Página de canal do YouTube,1
2025-02-02,Página de canal do YouTube,0
2025-02-03,Página de canal do YouTube,2
2025-02-04,Página de canal do YouTube,4
2025-02-05,Página de canal do YouTube,2
2025-02-06,Página de canal do YouTube,0
2025-02-07,Página de canal do YouTube,2
2025-02-08,Página de canal do YouTube,1
2025-02-09,Página de canal do YouTube,0
2025-02-10,Página de canal do YouTube,1
2025-02-11,Página de canal do YouTube,1
2025-02-12,Página de canal do YouTube,2
2025-02-13,Página de canal do YouTube,1
2025-02-14,Página de canal do YouTube,1
2025-02-15,Página de canal do YouTube,0
2025-02-16,Página de canal do YouTube,0
2025-02-17,Página de canal do YouTube,3
2025-02-18,Página de canal do YouTube,0
2025-02-19,Página de canal do YouTube,1
2025-02-20,Página de canal do YouTube,2
2025-02-21,Página de canal do YouTube,3
2025-02-22,Página de canal do YouTube,0
2025-02-23,Página de canal do YouTube,0
2025-02-24,Página de canal do YouTube,4
2025-02-25,Página de canal do YouTube,4
2025-02-26,Página de canal do YouTube,3
2025-02-27,Página de canal do YouTube,0
2025-02-28,Página de canal do YouTube,1
2025-03-01,Página de canal do YouTube,2
2025-03-02,Página de canal do YouTube,3
2025-03-03,Página de canal do YouTube,1
2025-03-04,Página de canal do YouTube,1
2025-03-05,Página de canal do YouTube,0
2025-03-06,Página de canal do YouTube,3
2025-03-07,Página de canal do YouTube,1
2025-03-08,Página de canal do YouTube,0
2025-03-09,Página de canal do YouTube,2
2025-03-10,Página de canal do YouTube,0
2025-03-11,Página de canal do YouTube,0
2025-03-12,Página de canal do YouTube,1
2025-03-13,Página de canal do YouTube,4
2025-03-14,Página de canal do YouTube,8
2025-03-15,Página de canal do YouTube,2
2025-03-16,Página de canal do YouTube,2
2025-03-17,Página de canal do YouTube,13
2025-03-18,Página de canal do YouTube,5
2025-03-19,Página de canal do YouTube,1
2025-03-20,Página de canal do YouTube,0
2025-03-21,Página de canal do YouTube,2
2025-03-22,Página de canal do YouTube,1
2025-03-23,Página de canal do YouTube,1
2025-03-24,Página de canal do YouTube,1
2025-03-25,Página de canal do YouTube,0
2025-03-26,Página de canal do YouTube,3
2025-03-27,Página de canal do YouTube,1
2025-03-28,Página de canal do YouTube,2
2025-03-29,Página de canal do YouTube,1
2025-03-30,Página de canal do YouTube,1
2025-03-31,Página de canal do YouTube,3
2025-04-01,Página de canal do YouTube,1
2025-04-02,Página de canal do YouTube,4
2025-04-03,Página de canal do YouTube,1
2025-04-04,Página de canal do YouTube,0
2025-04-05,Página de canal do YouTube,1
2025-04-06,Página de canal do YouTube,1
2025-04-07,Página de canal do YouTube,4
2025-04-08,Página de canal do YouTube,3
2025-04-09,Página de canal do YouTube,4
2025-04-10,Página de canal do YouTube,5
2025-04-11,Página de canal do YouTube,0
2025-04-12,Página de canal do YouTube,1
2025-04-13,Página de canal do YouTube,0
2025-04-14,Página de canal do YouTube,1
2025-04-15,Página de canal do YouTube,2
2025-04-16,Página de canal do YouTube,1
2025-04-17,Página de canal do YouTube,4
2025-04-18,Página de canal do YouTube,0
2025-04-19,Página de canal do YouTube,0
2025-04-20,Página de canal do YouTube,1
2025-04-21,Página de canal do YouTube,2
2025-04-22,Página de canal do YouTube,1
2025-04-23,Página de canal do YouTube,4
2025-04-24,Página de canal do YouTube,2
2025-04-25,Página de canal do YouTube,5
2025-04-26,Página de canal do YouTube,5
2025-04-27,Página de canal do YouTube,1
2025-04-28,Página de canal do YouTube,7
2025-04-29,Página de canal do YouTube,9
2025-04-30,Página de canal do YouTube,5
2025-05-01,Página de canal do YouTube,0
2025-05-02,Página de canal do YouTube,0
2025-05-03,Página de canal do YouTube,0
2025-05-04,Página de canal do YouTube,0
2025-05-05,Página de canal do YouTube,4
2025-05-06,Página de canal do YouTube,7
2025-05-07,Página de canal do YouTube,22
2025-05-08,Página de canal do YouTube,1
2025-05-09,Página de canal do YouTube,6
2025-05-10,Página de canal do YouTube,0
2025-05-11,Página de canal do YouTube,0
2025-05-12,Página de canal do YouTube,0
2025-05-13,Página de canal do YouTube,2
2025-05-14,Página de canal do YouTube,4
2025-05-15,Página de canal do YouTube,1
2025-05-16,Página de canal do YouTube,3
2025-05-17,Página de canal do YouTube,0
2025-05-18,Página de canal do YouTube,0
2025-05-19,Página de canal do YouTube,1
2025-05-20,Página de canal do YouTube,1
2025-05-21,Página de canal do YouTube,2
2025-05-22,Página de canal do YouTube,5
2025-05-23,Página de canal do YouTube,2
2025-05-24,Página de canal do YouTube,0
2025-05-25,Página de canal do YouTube,1
2025-05-26,Página de canal do YouTube,3
2025-05-27,Página de canal do YouTube,3
2025-05-28,Página de canal do YouTube,1
2025-05-29,Página de canal do YouTube,2
2025-05-30,Página de canal do YouTube,6
2025-05-31,Página de canal do YouTube,3
2025-06-01,Página de canal do YouTube,1
2024-06-02,Recursos de navegação,3
2024-06-03,Recursos de navegação,6
2024-06-04,Recursos de navegação,2
2024-06-05,Recursos de navegação,4
2024-06-06,Recursos de navegação,3
2024-06-07,Recursos de navegação,2
2024-06-08,Recursos de navegação,5
2024-06-09,Recursos de navegação,2
2024-06-10,Recursos de navegação,1
2024-06-11,Recursos de navegação,8
2024-06-12,Recursos de navegação,13
2024-06-13,Recursos de navegação,16
2024-06-14,Recursos de navegação,10
2024-06-15,Recursos de navegação,13
2024-06-16,Recursos de navegação,9
2024-06-17,Recursos de navegação,10
2024-06-18,Recursos de navegação,8
2024-06-19,Recursos de navegação,17
2024-06-20,Recursos de navegação,32
2024-06-21,Recursos de navegação,12
2024-06-22,Recursos de navegação,9
2024-06-23,Recursos de navegação,17
2024-06-24,Recursos de navegação,35
2024-06-25,Recursos de navegação,34
2024-06-26,Recursos de navegação,19
2024-06-27,Recursos de navegação,30
2024-06-28,Recursos de navegação,8
2024-06-29,Recursos de navegação,2
2024-06-30,Recursos de navegação,8
2024-07-01,Recursos de navegação,7
2024-07-02,Recursos de navegação,9
2024-07-03,Recursos de navegação,9
2024-07-04,Recursos de navegação,6
2024-07-05,Recursos de navegação,2
2024-07-06,Recursos de navegação,3
2024-07-07,Recursos de navegação,1
2024-07-08,Recursos de navegação,2
2024-07-09,Recursos de navegação,8
2024-07-10,Recursos de navegação,11
2024-07-11,Recursos de navegação,14
2024-07-12,Recursos de navegação,9
2024-07-13,Recursos de navegação,11
2024-07-14,Recursos de navegação,51
2024-07-15,Recursos de navegação,31
2024-07-16,Recursos de navegação,34
2024-07-17,Recursos de navegação,12
2024-07-18,Recursos de navegação,13
2024-07-19,Recursos de navegação,19
2024-07-20,Recursos de navegação,19
2024-07-21,Recursos de navegação,7
2024-07-22,Recursos de navegação,46
2024-07-23,Recursos de navegação,32
2024-07-24,Recursos de navegação,34
2024-07-25,Recursos de navegação,39
2024-07-26,Recursos de navegação,33
2024-07-27,Recursos de navegação,26
2024-07-28,Recursos de navegação,29
2024-07-29,Recursos de navegação,45
2024-07-30,Recursos de navegação,75
2024-07-31,Recursos de navegação,60
2024-08-01,Recursos de navegação,25
2024-08-02,Recursos de navegação,21
2024-08-03,Recursos de navegação,23
2024-08-04,Recursos de navegação,36
2024-08-05,Recursos de navegação,53
2024-08-06,Recursos de navegação,46
2024-08-07,Recursos de navegação,38
2024-08-08,Recursos de navegação,47
2024-08-09,Recursos de navegação,43
2024-08-10,Recursos de navegação,38
2024-08-11,Recursos de navegação,31
2024-08-12,Recursos de navegação,27
2024-08-13,Recursos de navegação,39
2024-08-14,Recursos de navegação,37
2024-08-15,Recursos de navegação,31
2024-08-16,Recursos de navegação,42
2024-08-17,Recursos de navegação,42
2024-08-18,Recursos de navegação,46
2024-08-19,Recursos de navegação,11
2024-08-20,Recursos de navegação,17
2024-08-21,Recursos de navegação,118
2024-08-22,Recursos de navegação,38
2024-08-23,Recursos de navegação,53
2024-08-24,Recursos de navegação,53
2024-08-25,Recursos de navegação,12
2024-08-26,Recursos de navegação,53
2024-08-27,Recursos de navegação,22
2024-08-28,Recursos de navegação,10
2024-08-29,Recursos de navegação,34
2024-08-30,Recursos de navegação,21
2024-08-31,Recursos de navegação,9
2024-09-01,Recursos de navegação,10
2024-09-02,Recursos de navegação,18
2024-09-03,Recursos de navegação,12
2024-09-04,Recursos de navegação,16
2024-09-05,Recursos de navegação,19
2024-09-06,Recursos de navegação,23
2024-09-07,Recursos de navegação,32
2024-09-08,Recursos de navegação,32
2024-09-09,Recursos de navegação,32
2024-09-10,Recursos de navegação,20
2024-09-11,Recursos de navegação,22
2024-09-12,Recursos de navegação,73
2024-09-13,Recursos de navegação,31
2024-09-14,Recursos de navegação,15
2024-09-15,Recursos de navegação,18
2024-09-16,Recursos de navegação,32
2024-09-17,Recursos de navegação,30
2024-09-18,Recursos de navegação,19
2024-09-19,Recursos de navegação,32
2024-09-20,Recursos de navegação,23
2024-09-21,Recursos de navegação,32
2024-09-22,Recursos de navegação,37
2024-09-23,Recursos de navegação,41
2024-09-24,Recursos de navegação,49
2024-09-25,Recursos de navegação,15
2024-09-26,Recursos de navegação,43
2024-09-27,Recursos de navegação,35
2024-09-28,Recursos de navegação,13
2024-09-29,Recursos de navegação,19
2024-09-30,Recursos de navegação,11
2024-10-01,Recursos de navegação,18
2024-10-02,Recursos de navegação,6
2024-10-03,Recursos de navegação,12
2024-10-04,Recursos de navegação,12
2024-10-05,Recursos de navegação,10
2024-10-06,Recursos de navegação,6
2024-10-07,Recursos de navegação,16
2024-10-08,Recursos de navegação,16
2024-10-09,Recursos de navegação,10
2024-10-10,Recursos de navegação,8
2024-10-11,Recursos de navegação,18
2024-10-12,Recursos de navegação,13
2024-10-13,Recursos de navegação,16
2024-10-14,Recursos de navegação,17
2024-10-15,Recursos de navegação,29
2024-10-16,Recursos de navegação,23
2024-10-17,Recursos de navegação,28
2024-10-18,Recursos de navegação,39
2024-10-19,Recursos de navegação,11
2024-10-20,Recursos de navegação,16
2024-10-21,Recursos de navegação,29
2024-10-22,Recursos de navegação,24
2024-10-23,Recursos de navegação,19
2024-10-24,Recursos de navegação,5
2024-10-25,Recursos de navegação,16
2024-10-26,Recursos de navegação,4
2024-10-27,Recursos de navegação,7
2024-10-28,Recursos de navegação,9
2024-10-29,Recursos de navegação,67
2024-10-30,Recursos de navegação,14
2024-10-31,Recursos de navegação,7
2024-11-01,Recursos de navegação,14
2024-11-02,Recursos de navegação,11
2024-11-03,Recursos de navegação,12
2024-11-04,Recursos de navegação,10
2024-11-05,Recursos de navegação,17
2024-11-06,Recursos de navegação,17
2024-11-07,Recursos de navegação,15
2024-11-08,Recursos de navegação,13
2024-11-09,Recursos de navegação,3
2024-11-10,Recursos de navegação,4
2024-11-11,Recursos de navegação,15
2024-11-12,Recursos de navegação,34
2024-11-13,Recursos de navegação,42
2024-11-14,Recursos de navegação,16
2024-11-15,Recursos de navegação,25
2024-11-16,Recursos de navegação,31
2024-11-17,Recursos de navegação,19
2024-11-18,Recursos de navegação,36
2024-11-19,Recursos de navegação,14
2024-11-20,Recursos de navegação,11
2024-11-21,Recursos de navegação,23
2024-11-22,Recursos de navegação,8
2024-11-23,Recursos de navegação,11
2024-11-24,Recursos de navegação,6
2024-11-25,Recursos de navegação,10
2024-11-26,Recursos de navegação,4
2024-11-27,Recursos de navegação,3
2024-11-28,Recursos de navegação,5
2024-11-29,Recursos de navegação,8
2024-11-30,Recursos de navegação,3
2024-12-01,Recursos de navegação,2
2024-12-02,Recursos de navegação,3
2024-12-03,Recursos de navegação,11
2024-12-04,Recursos de navegação,7
2024-12-05,Recursos de navegação,16
2024-12-06,Recursos de navegação,20
2024-12-07,Recursos de navegação,4
2024-12-08,Recursos de navegação,6
2024-12-09,Recursos de navegação,11
2024-12-10,Recursos de navegação,9
2024-12-11,Recursos de navegação,7
2024-12-12,Recursos de navegação,8
2024-12-13,Recursos de navegação,19
2024-12-14,Recursos de navegação,6
2024-12-15,Recursos de navegação,9
2024-12-16,Recursos de navegação,7
2024-12-17,Recursos de navegação,14
2024-12-18,Recursos de navegação,12
2024-12-19,Recursos de navegação,9
2024-12-20,Recursos de navegação,9
2024-12-21,Recursos de navegação,4
2024-12-22,Recursos de navegação,11
2024-12-23,Recursos de navegação,4
2024-12-24,Recursos de navegação,5
2024-12-25,Recursos de navegação,7
2024-12-26,Recursos de navegação,14
2024-12-27,Recursos de navegação,5
2024-12-28,Recursos de navegação,3
2024-12-29,Recursos de navegação,6
2024-12-30,Recursos de navegação,6
2024-12-31,Recursos de navegação,6
2025-01-01,Recursos de navegação,4
2025-01-02,Recursos de navegação,6
2025-01-03,Recursos de navegação,5
2025-01-04,Recursos de navegação,6
2025-01-05,Recursos de navegação,4
2025-01-06,Recursos de navegação,10
2025-01-07,Recursos de navegação,6
2025-01-08,Recursos de navegação,29
2025-01-09,Recursos de navegação,37
2025-01-10,Recursos de navegação,18
2025-01-11,Recursos de navegação,14
2025-01-12,Recursos de navegação,15
2025-01-13,Recursos de navegação,12
2025-01-14,Recursos de navegação,19
2025-01-15,Recursos de navegação,39
2025-01-16,Recursos de navegação,48
2025-01-17,Recursos de navegação,44
2025-01-18,Recursos de navegação,45
2025-01-19,Recursos de navegação,36
2025-01-20,Recursos de navegação,32
2025-01-21,Recursos de navegação,12
2025-01-22,Recursos de navegação,24
2025-01-23,Recursos de navegação,17
2025-01-24,Recursos de navegação,13
2025-01-25,Recursos de navegação,8
2025-01-26,Recursos de navegação,19
2025-01-27,Recursos de navegação,13
2025-01-28,Recursos de navegação,7
2025-01-29,Recursos de navegação,13
2025-01-30,Recursos de navegação,27
2025-01-31,Recursos de navegação,24
2025-02-01,Recursos de navegação,27
2025-02-02,Recursos de navegação,19
2025-02-03,Recursos de navegação,14
2025-02-04,Recursos de navegação,18
2025-02-05,Recursos de navegação,21
2025-02-06,Recursos de navegação,14
2025-02-07,Recursos de navegação,4
2025-02-08,Recursos de navegação,5
2025-02-09,Recursos de navegação,5
2025-02-10,Recursos de navegação,16
2025-02-11,Recursos de navegação,16
2025-02-12,Recursos de navegação,23
2025-02-13,Recursos de navegação,4
2025-02-14,Recursos de navegação,2
2025-02-15,Recursos de navegação,9
2025-02-16,Recursos de navegação,1
2025-02-17,Recursos de navegação,8
2025-02-18,Recursos de navegação,7
2025-02-19,Recursos de navegação,5
2025-02-20,Recursos de navegação,10
2025-02-21,Recursos de navegação,5
2025-02-22,Recursos de navegação,12
2025-02-23,Recursos de navegação,12
2025-02-24,Recursos de navegação,10
2025-02-25,Recursos de navegação,10
2025-02-26,Recursos de navegação,16
2025-02-27,Recursos de navegação,6
2025-02-28,Recursos de navegação,23
2025-03-01,Recursos de navegação,10
2025-03-02,Recursos de navegação,10
2025-03-03,Recursos de navegação,9
2025-03-04,Recursos de navegação,7
2025-03-05,Recursos de navegação,6
2025-03-06,Recursos de navegação,9
2025-03-07,Recursos de navegação,3
2025-03-08,Recursos de navegação,8
2025-03-09,Recursos de navegação,10
2025-03-10,Recursos de navegação,7
2025-03-11,Recursos de navegação,10
2025-03-12,Recursos de navegação,24
2025-03-13,Recursos de navegação,37
2025-03-14,Recursos de navegação,21
2025-03-15,Recursos de navegação,20
2025-03-16,Recursos de navegação,20
2025-03-17,Recursos de navegação,11
2025-03-18,Recursos de navegação,10
2025-03-19,Recursos de navegação,7
2025-03-20,Recursos de navegação,4
2025-03-21,Recursos de navegação,5
2025-03-22,Recursos de navegação,4
2025-03-23,Recursos de navegação,9
2025-03-24,Recursos de navegação,2
2025-03-25,Recursos de navegação,10
2025-03-26,Recursos de navegação,14
2025-03-27,Recursos de navegação,11
2025-03-28,Recursos de navegação,14
2025-03-29,Recursos de navegação,10
2025-03-30,Recursos de navegação,12
2025-03-31,Recursos de navegação,10
2025-04-01,Recursos de navegação,18
2025-04-02,Recursos de navegação,11
2025-04-03,Recursos de navegação,11
2025-04-04,Recursos de navegação,18
2025-04-05,Recursos de navegação,2
2025-04-06,Recursos de navegação,10
2025-04-07,Recursos de navegação,8
2025-04-08,Recursos de navegação,13
2025-04-09,Recursos de navegação,24
2025-04-10,Recursos de navegação,9
2025-04-11,Recursos de navegação,7
2025-04-12,Recursos de navegação,9
2025-04-13,Recursos de navegação,5
2025-04-14,Recursos de navegação,17
2025-04-15,Recursos de navegação,6
2025-04-16,Recursos de navegação,3
2025-04-17,Recursos de navegação,11
2025-04-18,Recursos de navegação,6
2025-04-19,Recursos de navegação,7
2025-04-20,Recursos de navegação,12
2025-04-21,Recursos de navegação,23
2025-04-22,Recursos de navegação,20
2025-04-23,Recursos de navegação,15
2025-04-24,Recursos de navegação,5
2025-04-25,Recursos de navegação,34
2025-04-26,Recursos de navegação,7
2025-04-27,Recursos de navegação,5
2025-04-28,Recursos de navegação,7
2025-04-29,Recursos de navegação,9
2025-04-30,Recursos de navegação,48
2025-05-01,Recursos de navegação,28
2025-05-02,Recursos de navegação,29
2025-05-03,Recursos de navegação,28
2025-05-04,Recursos de navegação,12
2025-05-05,Recursos de navegação,18
2025-05-06,Recursos de navegação,32
2025-05-07,Recursos de navegação,92
2025-05-08,Recursos de navegação,57
2025-05-09,Recursos de navegação,18
2025-05-10,Recursos de navegação,16
2025-05-11,Recursos de navegação,27
2025-05-12,Recursos de navegação,14
2025-05-13,Recursos de navegação,24
2025-05-14,Recursos de navegação,19
2025-05-15,Recursos de navegação,7
2025-05-16,Recursos de navegação,10
2025-05-17,Recursos de navegação,8
2025-05-18,Recursos de navegação,6
2025-05-19,Recursos de navegação,5
2025-05-20,Recursos de navegação,7
2025-05-21,Recursos de navegação,10
2025-05-22,Recursos de navegação,3
2025-05-23,Recursos de navegação,6
2025-05-24,Recursos de navegação,7
2025-05-25,Recursos de navegação,3
2025-05-26,Recursos de navegação,15
2025-05-27,Recursos de navegação,12
2025-05-28,Recursos de navegação,23
2025-05-29,Recursos de navegação,6
2025-05-30,Recursos de navegação,17
2025-05-31,Recursos de navegação,10
2025-06-01,Recursos de navegação,11
2024-06-02,Feed dos Shorts,11
2024-06-03,Feed dos Shorts,8
2024-06-04,Feed dos Shorts,14
2024-06-05,Feed dos Shorts,18
2024-06-06,Feed dos Shorts,15
2024-06-07,Feed dos Shorts,10
2024-06-08,Feed dos Shorts,8
2024-06-09,Feed dos Shorts,11
2024-06-10,Feed dos Shorts,18
2024-06-11,Feed dos Shorts,15
2024-06-12,Feed dos Shorts,12
2024-06-13,Feed dos Shorts,15
2024-06-14,Feed dos Shorts,8
2024-06-15,Feed dos Shorts,11
2024-06-16,Feed dos Shorts,8
2024-06-17,Feed dos Shorts,14
2024-06-18,Feed dos Shorts,15
2024-06-19,Feed dos Shorts,11
2024-06-20,Feed dos Shorts,8
2024-06-21,Feed dos Shorts,8
2024-06-22,Feed dos Shorts,13
2024-06-23,Feed dos Shorts,12
2024-06-24,Feed dos Shorts,12
2024-06-25,Feed dos Shorts,13
2024-06-26,Feed dos Shorts,15
2024-06-27,Feed dos Shorts,18
2024-06-28,Feed dos Shorts,11
2024-06-29,Feed dos Shorts,10
2024-06-30,Feed dos Shorts,8
2024-07-01,Feed dos Shorts,10
2024-07-02,Feed dos Shorts,11
2024-07-03,Feed dos Shorts,10
2024-07-04,Feed dos Shorts,11
2024-07-05,Feed dos Shorts,12
2024-07-06,Feed dos Shorts,10
2024-07-07,Feed dos Shorts,19
2024-07-08,Feed dos Shorts,26
2024-07-09,Feed dos Shorts,7
2024-07-10,Feed dos Shorts,12
2024-07-11,Feed dos Shorts,8
2024-07-12,Feed dos Shorts,6
2024-07-13,Feed dos Shorts,14
2024-07-14,Feed dos Shorts,4
2024-07-15,Feed dos Shorts,15
2024-07-16,Feed dos Shorts,22
2024-07-17,Feed dos Shorts,10
2024-07-18,Feed dos Shorts,15
2024-07-19,Feed dos Shorts,23
2024-07-20,Feed dos Shorts,9
2024-07-21,Feed dos Shorts,12
2024-07-22,Feed dos Shorts,8
2024-07-23,Feed dos Shorts,16
2024-07-24,Feed dos Shorts,20
2024-07-25,Feed dos Shorts,15
2024-07-26,Feed dos Shorts,7
2024-07-27,Feed dos Shorts,14
2024-07-28,Feed dos Shorts,32
2024-07-29,Feed dos Shorts,11
2024-07-30,Feed dos Shorts,12
2024-07-31,Feed dos Shorts,16
2024-08-01,Feed dos Shorts,12
2024-08-02,Feed dos Shorts,9
2024-08-03,Feed dos Shorts,8
2024-08-04,Feed dos Shorts,17
2024-08-05,Feed dos Shorts,24
2024-08-06,Feed dos Shorts,20
2024-08-07,Feed dos Shorts,24
2024-08-08,Feed dos Shorts,25
2024-08-09,Feed dos Shorts,14
2024-08-10,Feed dos Shorts,8
2024-08-11,Feed dos Shorts,12
2024-08-12,Feed dos Shorts,25
2024-08-13,Feed dos Shorts,24
2024-08-14,Feed dos Shorts,34
2024-08-15,Feed dos Shorts,22
2024-08-16,Feed dos Shorts,17
2024-08-17,Feed dos Shorts,8
2024-08-18,Feed dos Shorts,20
2024-08-19,Feed dos Shorts,15
2024-08-20,Feed dos Shorts,22
2024-08-21,Feed dos Shorts,18
2024-08-22,Feed dos Shorts,23
2024-08-23,Feed dos Shorts,18
2024-08-24,Feed dos Shorts,17
2024-08-25,Feed dos Shorts,11
2024-08-26,Feed dos Shorts,38
2024-08-27,Feed dos Shorts,17
2024-08-28,Feed dos Shorts,34
2024-08-29,Feed dos Shorts,31
2024-08-30,Feed dos Shorts,11
2024-08-31,Feed dos Shorts,18
2024-09-01,Feed dos Shorts,39
2024-09-02,Feed dos Shorts,42
2024-09-03,Feed dos Shorts,23
2024-09-04,Feed dos Shorts,27
2024-09-05,Feed dos Shorts,37
2024-09-06,Feed dos Shorts,29
2024-09-07,Feed dos Shorts,18
2024-09-08,Feed dos Shorts,25
2024-09-09,Feed dos Shorts,59
2024-09-10,Feed dos Shorts,60
2024-09-11,Feed dos Shorts,73
2024-09-12,Feed dos Shorts,46
2024-09-13,Feed dos Shorts,39
2024-09-14,Feed dos Shorts,21
2024-09-15,Feed dos Shorts,23
2024-09-16,Feed dos Shorts,41
2024-09-17,Feed dos Shorts,65
2024-09-18,Feed dos Shorts,50
2024-09-19,Feed dos Shorts,52
2024-09-20,Feed dos Shorts,22
2024-09-21,Feed dos Shorts,19
2024-09-22,Feed dos Shorts,23
2024-09-23,Feed dos Shorts,25
2024-09-24,Feed dos Shorts,30
2024-09-25,Feed dos Shorts,32
2024-09-26,Feed dos Shorts,25
2024-09-27,Feed dos Shorts,30
2024-09-28,Feed dos Shorts,22
2024-09-29,Feed dos Shorts,13
2024-09-30,Feed dos Shorts,37
2024-10-01,Feed dos Shorts,30
2024-10-02,Feed dos Shorts,34
2024-10-03,Feed dos Shorts,19
2024-10-04,Feed dos Shorts,21
2024-10-05,Feed dos Shorts,12
2024-10-06,Feed dos Shorts,17
2024-10-07,Feed dos Shorts,13
2024-10-08,Feed dos Shorts,28
2024-10-09,Feed dos Shorts,25
2024-10-10,Feed dos Shorts,22
2024-10-11,Feed dos Shorts,16
2024-10-12,Feed dos Shorts,19
2024-10-13,Feed dos Shorts,20
2024-10-14,Feed dos Shorts,11
2024-10-15,Feed dos Shorts,24
2024-10-16,Feed dos Shorts,26
2024-10-17,Feed dos Shorts,22
2024-10-18,Feed dos Shorts,24
2024-10-19,Feed dos Shorts,16
2024-10-20,Feed dos Shorts,25
2024-10-21,Feed dos Shorts,21
2024-10-22,Feed dos Shorts,28
2024-10-23,Feed dos Shorts,28
2024-10-24,Feed dos Shorts,26
2024-10-25,Feed dos Shorts,42
2024-10-26,Feed dos Shorts,33
2024-10-27,Feed dos Shorts,26
2024-10-28,Feed dos Shorts,23
2024-10-29,Feed dos Shorts,28
2024-10-30,Feed dos Shorts,27
2024-10-31,Feed dos Shorts,43
2024-11-01,Feed dos Shorts,23
2024-11-02,Feed dos Shorts,19
2024-11-03,Feed dos Shorts,15
2024-11-04,Feed dos Shorts,45
2024-11-05,Feed dos Shorts,32
2024-11-06,Feed dos Shorts,36
2024-11-07,Feed dos Shorts,37
2024-11-08,Feed dos Shorts,22
2024-11-09,Feed dos Shorts,20
2024-11-10,Feed dos Shorts,24
2024-11-11,Feed dos Shorts,18
2024-11-12,Feed dos Shorts,47
2024-11-13,Feed dos Shorts,50
2024-11-14,Feed dos Shorts,29
2024-11-15,Feed dos Shorts,19
2024-11-16,Feed dos Shorts,27
2024-11-17,Feed dos Shorts,16
2024-11-18,Feed dos Shorts,29
2024-11-19,Feed dos Shorts,16
2024-11-20,Feed dos Shorts,32
2024-11-21,Feed dos Shorts,34
2024-11-22,Feed dos Shorts,24
2024-11-23,Feed dos Shorts,26
2024-11-24,Feed dos Shorts,26
2024-11-25,Feed dos Shorts,26
2024-11-26,Feed dos Shorts,24
2024-11-27,Feed dos Shorts,29
2024-11-28,Feed dos Shorts,22
2024-11-29,Feed dos Shorts,46
2024-11-30,Feed dos Shorts,10
2024-12-01,Feed dos Shorts,16
2024-12-02,Feed dos Shorts,26
2024-12-03,Feed dos Shorts,31
2024-12-04,Feed dos Shorts,21
2024-12-05,Feed dos Shorts,12
2024-12-06,Feed dos Shorts,115
2024-12-07,Feed dos Shorts,27
2024-12-08,Feed dos Shorts,34
2024-12-09,Feed dos Shorts,65
2024-12-10,Feed dos Shorts,61
2024-12-11,Feed dos Shorts,54
2024-12-12,Feed dos Shorts,31
2024-12-13,Feed dos Shorts,16
2024-12-14,Feed dos Shorts,26
2024-12-15,Feed dos Shorts,18
2024-12-16,Feed dos Shorts,33
2024-12-17,Feed dos Shorts,34
2024-12-18,Feed dos Shorts,33
2024-12-19,Feed dos Shorts,20
2024-12-20,Feed dos Shorts,17
2024-12-21,Feed dos Shorts,19
2024-12-22,Feed dos Shorts,15
2024-12-23,Feed dos Shorts,21
2024-12-24,Feed dos Shorts,13
2024-12-25,Feed dos Shorts,23
2024-12-26,Feed dos Shorts,25
2024-12-27,Feed dos Shorts,28
2024-12-28,Feed dos Shorts,24
2024-12-29,Feed dos Shorts,14
2024-12-30,Feed dos Shorts,21
2024-12-31,Feed dos Shorts,16
2025-01-01,Feed dos Shorts,15
2025-01-02,Feed dos Shorts,21
2025-01-03,Feed dos Shorts,23
2025-01-04,Feed dos Shorts,21
2025-01-05,Feed dos Shorts,15
2025-01-06,Feed dos Shorts,30
2025-01-07,Feed dos Shorts,38
2025-01-08,Feed dos Shorts,30
2025-01-09,Feed dos Shorts,15
2025-01-10,Feed dos Shorts,20
2025-01-11,Feed dos Shorts,7
2025-01-12,Feed dos Shorts,14
2025-01-13,Feed dos Shorts,39
2025-01-14,Feed dos Shorts,30
2025-01-15,Feed dos Shorts,32
2025-01-16,Feed dos Shorts,27
2025-01-17,Feed dos Shorts,44
2025-01-18,Feed dos Shorts,39
2025-01-19,Feed dos Shorts,42
2025-01-20,Feed dos Shorts,32
2025-01-21,Feed dos Shorts,30
2025-01-22,Feed dos Shorts,28
2025-01-23,Feed dos Shorts,35
2025-01-24,Feed dos Shorts,20
2025-01-25,Feed dos Shorts,17
2025-01-26,Feed dos Shorts,26
2025-01-27,Feed dos Shorts,28
2025-01-28,Feed dos Shorts,17
2025-01-29,Feed dos Shorts,25
2025-01-30,Feed dos Shorts,29
2025-01-31,Feed dos Shorts,40
2025-02-01,Feed dos Shorts,23
2025-02-02,Feed dos Shorts,32
2025-02-03,Feed dos Shorts,30
2025-02-04,Feed dos Shorts,27
2025-02-05,Feed dos Shorts,45
2025-02-06,Feed dos Shorts,24
2025-02-07,Feed dos Shorts,14
2025-02-08,Feed dos Shorts,19
2025-02-09,Feed dos Shorts,25
2025-02-10,Feed dos Shorts,26
2025-02-11,Feed dos Shorts,33
2025-02-12,Feed dos Shorts,36
2025-02-13,Feed dos Shorts,31
2025-02-14,Feed dos Shorts,35
2025-02-15,Feed dos Shorts,31
2025-02-16,Feed dos Shorts,22
2025-02-17,Feed dos Shorts,27
2025-02-18,Feed dos Shorts,34
2025-02-19,Feed dos Shorts,29
2025-02-20,Feed dos Shorts,35
2025-02-21,Feed dos Shorts,30
2025-02-22,Feed dos Shorts,43
2025-02-23,Feed dos Shorts,26
2025-02-24,Feed dos Shorts,39
2025-02-25,Feed dos Shorts,38
2025-02-26,Feed dos Shorts,32
2025-02-27,Feed dos Shorts,30
2025-02-28,Feed dos Shorts,22
2025-03-01,Feed dos Shorts,40
2025-03-02,Feed dos Shorts,28
2025-03-03,Feed dos Shorts,27
2025-03-04,Feed dos Shorts,28
2025-03-05,Feed dos Shorts,36
2025-03-06,Feed dos Shorts,32
2025-03-07,Feed dos Shorts,38
2025-03-08,Feed dos Shorts,33
2025-03-09,Feed dos Shorts,32
2025-03-10,Feed dos Shorts,30
2025-03-11,Feed dos Shorts,58
2025-03-12,Feed dos Shorts,35
2025-03-13,Feed dos Shorts,29
2025-03-14,Feed dos Shorts,26
2025-03-15,Feed dos Shorts,22
2025-03-16,Feed dos Shorts,25
2025-03-17,Feed dos Shorts,29
2025-03-18,Feed dos Shorts,36
2025-03-19,Feed dos Shorts,32
2025-03-20,Feed dos Shorts,23
2025-03-21,Feed dos Shorts,31
2025-03-22,Feed dos Shorts,29
2025-03-23,Feed dos Shorts,39
2025-03-24,Feed dos Shorts,33
2025-03-25,Feed dos Shorts,37
2025-03-26,Feed dos Shorts,36
2025-03-27,Feed dos Shorts,33
2025-03-28,Feed dos Shorts,35
2025-03-29,Feed dos Shorts,20
2025-03-30,Feed dos Shorts,36
2025-03-31,Feed dos Shorts,53
2025-04-01,Feed dos Shorts,60
2025-04-02,Feed dos Shorts,45
2025-04-03,Feed dos Shorts,52
2025-04-04,Feed dos Shorts,31
2025-04-05,Feed dos Shorts,39
2025-04-06,Feed dos Shorts,32
2025-04-07,Feed dos Shorts,52
2025-04-08,Feed dos Shorts,44
2025-04-09,Feed dos Shorts,54
2025-04-10,Feed dos Shorts,55
2025-04-11,Feed dos Shorts,40
2025-04-12,Feed dos Shorts,37
2025-04-13,Feed dos Shorts,67
2025-04-14,Feed dos Shorts,51
2025-04-15,Feed dos Shorts,63
2025-04-16,Feed dos Shorts,59
2025-04-17,Feed dos Shorts,40
2025-04-18,Feed dos Shorts,38
2025-04-19,Feed dos Shorts,21
2025-04-20,Feed dos Shorts,42
2025-04-21,Feed dos Shorts,26
2025-04-22,Feed dos Shorts,48
2025-04-23,Feed dos Shorts,57
2025-04-24,Feed dos Shorts,60
2025-04-25,Feed dos Shorts,33
2025-04-26,Feed dos Shorts,45
2025-04-27,Feed dos Shorts,34
2025-04-28,Feed dos Shorts,39
2025-04-29,Feed dos Shorts,40
2025-04-30,Feed dos Shorts,43
2025-05-01,Feed dos Shorts,37
2025-05-02,Feed dos Shorts,28
2025-05-03,Feed dos Shorts,43
2025-05-04,Feed dos Shorts,20
2025-05-05,Feed dos Shorts,43
2025-05-06,Feed dos Shorts,29
2025-05-07,Feed dos Shorts,35
2025-05-08,Feed dos Shorts,32
2025-05-09,Feed dos Shorts,31
2025-05-10,Feed dos Shorts,38
2025-05-11,Feed dos Shorts,32
2025-05-12,Feed dos Shorts,32
2025-05-13,Feed dos Shorts,33
2025-05-14,Feed dos Shorts,32
2025-05-15,Feed dos Shorts,47
2025-05-16,Feed dos Shorts,30
2025-05-17,Feed dos Shorts,28
2025-05-18,Feed dos Shorts,37
2025-05-19,Feed dos Shorts,28
2025-05-20,Feed dos Shorts,31
2025-05-21,Feed dos Shorts,32
2025-05-22,Feed dos Shorts,27
2025-05-23,Feed dos Shorts,43
2025-05-24,Feed dos Shorts,52
2025-05-25,Feed dos Shorts,32
2025-05-26,Feed dos Shorts,37
2025-05-27,Feed dos Shorts,40
2025-05-28,Feed dos Shorts,24
2025-05-29,Feed dos Shorts,44
2025-05-30,Feed dos Shorts,45
2025-05-31,Feed dos Shorts,27
2025-06-01,Feed dos Shorts,25
